,Unnamed: 0,healthy,multiple_diseases,rust,scab,class,image_id
0,1017,1,0,0,0,0,Train_1017
1,1801,0,0,0,1,3,Train_1801
2,644,1,0,0,0,0,Train_644
3,1578,0,0,1,0,2,Train_1578
4,774,1,0,0,0,0,Train_774
5,917,0,0,0,1,3,Train_917
6,537,1,0,0,0,0,Train_537
7,363,0,1,0,0,1,Train_363
8,1445,0,0,0,1,3,Train_1445
9,378,1,0,0,0,0,Train_378
10,1117,1,0,0,0,0,Train_1117
11,699,0,0,0,1,3,Train_699
12,217,0,0,0,1,3,Train_217
13,737,1,0,0,0,0,Train_737
14,1804,0,0,0,1,3,Train_1804
15,95,0,1,0,0,1,Train_95
16,1624,0,0,1,0,2,Train_1624
17,1675,1,0,0,0,0,Train_1675
18,678,1,0,0,0,0,Train_678
19,1672,1,0,0,0,0,Train_1672
20,949,0,1,0,0,1,Train_949
21,1595,0,0,1,0,2,Train_1595
22,1717,0,0,0,1,3,Train_1717
23,1567,0,0,1,0,2,Train_1567
24,414,0,0,0,1,3,Train_414
25,934,1,0,0,0,0,Train_934
26,197,0,0,0,1,3,Train_197
27,1276,0,0,0,1,3,Train_1276
28,1079,1,0,0,0,0,Train_1079
29,37,0,0,1,0,2,Train_37
30,1470,0,0,0,1,3,Train_1470
31,1491,0,0,1,0,2,Train_1491
32,1185,0,0,1,0,2,Train_1185
33,1244,0,0,1,0,2,Train_1244
34,373,1,0,0,0,0,Train_373
35,477,0,0,0,1,3,Train_477
36,1059,0,0,0,1,3,Train_1059
37,203,0,0,0,1,3,Train_203
38,568,0,0,0,1,3,Train_568
39,398,0,0,0,1,3,Train_398
40,1496,1,0,0,0,0,Train_1496
41,518,0,0,1,0,2,Train_518
42,1472,0,0,1,0,2,Train_1472
43,1374,0,0,1,0,2,Train_1374
44,258,0,0,0,1,3,Train_258
45,976,0,0,1,0,2,Train_976
46,1802,0,0,1,0,2,Train_1802
47,1381,1,0,0,0,0,Train_1381
48,1780,0,1,0,0,1,Train_1780
49,637,1,0,0,0,0,Train_637
50,1354,1,0,0,0,0,Train_1354
51,914,1,0,0,0,0,Train_914
52,399,0,1,0,0,1,Train_399
53,563,0,1,0,0,1,Train_563
54,1231,0,0,1,0,2,Train_1231
55,754,0,1,0,0,1,Train_754
56,1175,0,0,1,0,2,Train_1175
57,1593,1,0,0,0,0,Train_1593
58,1797,0,0,1,0,2,Train_1797
59,74,0,1,0,0,1,Train_74
60,1130,0,0,0,1,3,Train_1130
61,379,0,0,0,1,3,Train_379
62,439,1,0,0,0,0,Train_439
63,828,0,0,1,0,2,Train_828
64,902,0,0,0,1,3,Train_902
65,237,0,1,0,0,1,Train_237
66,544,1,0,0,0,0,Train_544
67,726,0,0,1,0,2,Train_726
68,240,0,0,1,0,2,Train_240
69,631,0,0,0,1,3,Train_631
70,1037,0,0,1,0,2,Train_1037
71,285,0,0,1,0,2,Train_285
72,961,1,0,0,0,0,Train_961
73,1225,0,0,1,0,2,Train_1225
74,839,1,0,0,0,0,Train_839
75,913,0,0,1,0,2,Train_913
76,489,0,0,0,1,3,Train_489
77,235,0,0,0,1,3,Train_235
78,1512,0,0,1,0,2,Train_1512
79,830,0,0,1,0,2,Train_830
80,514,0,0,1,0,2,Train_514
81,972,0,0,0,1,3,Train_972
82,159,0,0,1,0,2,Train_159
83,1695,0,0,1,0,2,Train_1695
84,136,1,0,0,0,0,Train_136
85,1327,0,0,1,0,2,Train_1327
86,1393,0,0,0,1,3,Train_1393
87,736,0,0,0,1,3,Train_736
88,224,1,0,0,0,0,Train_224
89,273,1,0,0,0,0,Train_273
90,1035,0,1,0,0,1,Train_1035
91,250,0,0,0,1,3,Train_250
92,669,0,0,0,1,3,Train_669
93,72,1,0,0,0,0,Train_72
94,1537,0,0,0,1,3,Train_1537
95,34,0,0,1,0,2,Train_34
96,1406,0,0,1,0,2,Train_1406
97,1422,0,0,1,0,2,Train_1422
98,1698,1,0,0,0,0,Train_1698
99,1251,1,0,0,0,0,Train_1251
100,1661,1,0,0,0,0,Train_1661
101,1269,0,0,0,1,3,Train_1269
102,276,0,0,0,1,3,Train_276
103,354,0,0,0,1,3,Train_354
104,262,0,0,0,1,3,Train_262
105,451,0,0,1,0,2,Train_451
106,406,1,0,0,0,0,Train_406
107,851,0,0,0,1,3,Train_851
108,359,1,0,0,0,0,Train_359
109,798,0,0,1,0,2,Train_798
110,874,0,0,1,0,2,Train_874
111,1187,0,0,1,0,2,Train_1187
112,28,0,0,0,1,3,Train_28
113,1287,1,0,0,0,0,Train_1287
114,656,0,0,1,0,2,Train_656
115,703,1,0,0,0,0,Train_703
116,692,0,0,0,1,3,Train_692
117,1094,0,0,0,1,3,Train_1094
118,1759,0,0,0,1,3,Train_1759
119,557,0,0,1,0,2,Train_557
120,1346,0,0,0,1,3,Train_1346
121,1468,0,1,0,0,1,Train_1468
122,552,0,0,0,1,3,Train_552
123,1559,1,0,0,0,0,Train_1559
124,1803,1,0,0,0,0,Train_1803
125,459,0,0,0,1,3,Train_459
126,547,1,0,0,0,0,Train_547
127,1164,1,0,0,0,0,Train_1164
128,1151,1,0,0,0,0,Train_1151
129,963,1,0,0,0,0,Train_963
130,1587,1,0,0,0,0,Train_1587
131,614,0,0,0,1,3,Train_614
132,1004,1,0,0,0,0,Train_1004
133,185,0,0,0,1,3,Train_185
134,1457,1,0,0,0,0,Train_1457
135,247,1,0,0,0,0,Train_247
136,719,0,0,1,0,2,Train_719
137,561,0,0,0,1,3,Train_561
138,297,0,0,0,1,3,Train_297
139,808,0,0,0,1,3,Train_808
140,12,0,0,0,1,3,Train_12
141,1322,0,0,1,0,2,Train_1322
142,1814,1,0,0,0,0,Train_1814
143,1739,0,0,0,1,3,Train_1739
144,790,0,0,1,0,2,Train_790
145,985,0,0,1,0,2,Train_985
146,696,0,0,0,1,3,Train_696
147,1291,0,0,1,0,2,Train_1291
148,1776,1,0,0,0,0,Train_1776
149,1294,0,0,0,1,3,Train_1294
150,1740,0,0,1,0,2,Train_1740
151,841,0,0,1,0,2,Train_841
152,112,0,0,0,1,3,Train_112
153,1632,0,0,0,1,3,Train_1632
154,430,1,0,0,0,0,Train_430
155,1664,0,1,0,0,1,Train_1664
156,316,0,0,0,1,3,Train_316
157,1682,1,0,0,0,0,Train_1682
158,1596,0,0,1,0,2,Train_1596
159,603,1,0,0,0,0,Train_603
160,1083,0,0,0,1,3,Train_1083
161,499,0,0,1,0,2,Train_499
162,25,0,1,0,0,1,Train_25
163,899,0,0,0,1,3,Train_899
164,506,0,0,1,0,2,Train_506
165,314,0,0,1,0,2,Train_314
166,303,0,0,0,1,3,Train_303
167,1321,0,0,1,0,2,Train_1321
168,1779,0,1,0,0,1,Train_1779
169,227,1,0,0,0,0,Train_227
170,889,0,0,1,0,2,Train_889
171,888,0,0,1,0,2,Train_888
172,898,0,0,0,1,3,Train_898
173,475,1,0,0,0,0,Train_475
174,1101,1,0,0,0,0,Train_1101
175,178,0,0,1,0,2,Train_178
176,457,0,0,0,1,3,Train_457
177,1723,1,0,0,0,0,Train_1723
178,1771,0,0,1,0,2,Train_1771
179,223,0,0,1,0,2,Train_223
180,908,1,0,0,0,0,Train_908
181,191,0,0,0,1,3,Train_191
182,1566,0,0,1,0,2,Train_1566
183,1390,0,1,0,0,1,Train_1390
184,954,0,0,0,1,3,Train_954
185,1565,0,0,1,0,2,Train_1565
186,1492,0,0,1,0,2,Train_1492
187,60,0,0,1,0,2,Train_60
188,1772,0,0,1,0,2,Train_1772
189,520,0,0,0,1,3,Train_520
190,1805,0,0,1,0,2,Train_1805
191,1594,0,0,1,0,2,Train_1594
192,560,0,0,1,0,2,Train_560
193,1228,0,0,0,1,3,Train_1228
194,1616,1,0,0,0,0,Train_1616
195,1339,0,0,0,1,3,Train_1339
196,89,0,0,1,0,2,Train_89
197,234,0,0,0,1,3,Train_234
198,623,0,0,1,0,2,Train_623
199,519,0,0,1,0,2,Train_519
200,358,0,0,0,1,3,Train_358
201,106,0,0,0,1,3,Train_106
202,341,0,0,1,0,2,Train_341
203,1040,0,0,1,0,2,Train_1040
204,1329,0,0,0,1,3,Train_1329
205,469,0,0,1,0,2,Train_469
206,1746,0,0,1,0,2,Train_1746
207,320,1,0,0,0,0,Train_320
208,492,0,0,1,0,2,Train_492
209,1395,0,0,0,1,3,Train_1395
210,1082,1,0,0,0,0,Train_1082
211,282,1,0,0,0,0,Train_282
212,306,0,1,0,0,1,Train_306
213,551,1,0,0,0,0,Train_551
214,1211,0,0,0,1,3,Train_1211
215,681,0,0,0,1,3,Train_681
216,3,0,0,1,0,2,Train_3
217,1793,0,0,0,1,3,Train_1793
218,1143,0,0,0,1,3,Train_1143
219,1248,1,0,0,0,0,Train_1248
220,818,0,0,0,1,3,Train_818
221,840,0,0,1,0,2,Train_840
222,1161,0,1,0,0,1,Train_1161
223,787,0,0,0,1,3,Train_787
224,1747,0,0,0,1,3,Train_1747
225,960,1,0,0,0,0,Train_960
226,177,0,0,0,1,3,Train_177
227,220,1,0,0,0,0,Train_220
228,977,1,0,0,0,0,Train_977
229,510,0,0,1,0,2,Train_510
230,1696,0,0,0,1,3,Train_1696
231,575,0,0,1,0,2,Train_575
232,1307,0,0,1,0,2,Train_1307
233,1429,0,0,0,1,3,Train_1429
234,256,0,0,0,1,3,Train_256
235,1533,1,0,0,0,0,Train_1533
236,1032,0,0,0,1,3,Train_1032
237,1221,0,0,0,1,3,Train_1221
238,1534,0,0,0,1,3,Train_1534
239,731,1,0,0,0,0,Train_731
240,1293,0,0,0,1,3,Train_1293
241,508,0,0,1,0,2,Train_508
242,766,0,0,1,0,2,Train_766
243,836,0,0,1,0,2,Train_836
244,1331,0,0,0,1,3,Train_1331
245,633,0,0,1,0,2,Train_633
246,1063,0,0,1,0,2,Train_1063
247,1123,1,0,0,0,0,Train_1123
248,515,0,0,1,0,2,Train_515
249,700,0,0,1,0,2,Train_700
250,1160,1,0,0,0,0,Train_1160
251,689,0,0,1,0,2,Train_689
252,941,0,0,0,1,3,Train_941
253,271,1,0,0,0,0,Train_271
254,777,1,0,0,0,0,Train_777
255,604,0,0,0,1,3,Train_604
256,498,0,0,0,1,3,Train_498
257,1308,0,0,0,1,3,Train_1308
258,45,0,0,1,0,2,Train_45
259,156,0,0,1,0,2,Train_156
260,29,0,0,0,1,3,Train_29
261,370,0,0,0,1,3,Train_370
262,1633,1,0,0,0,0,Train_1633
263,408,0,0,1,0,2,Train_408
264,1034,1,0,0,0,0,Train_1034
265,1557,1,0,0,0,0,Train_1557
266,1667,1,0,0,0,0,Train_1667
267,687,0,0,1,0,2,Train_687
268,1319,0,0,1,0,2,Train_1319
269,1070,0,0,1,0,2,Train_1070
270,1178,0,0,0,1,3,Train_1178
271,1061,0,0,0,1,3,Train_1061
272,1535,0,0,1,0,2,Train_1535
273,464,0,0,1,0,2,Train_464
274,397,1,0,0,0,0,Train_397
275,566,1,0,0,0,0,Train_566
276,1154,0,0,1,0,2,Train_1154
277,189,0,0,0,1,3,Train_189
278,1298,0,0,0,1,3,Train_1298
279,1725,0,0,1,0,2,Train_1725
280,1073,0,0,1,0,2,Train_1073
281,222,0,0,0,1,3,Train_222
282,1171,1,0,0,0,0,Train_1171
283,1286,1,0,0,0,0,Train_1286
284,1111,0,0,1,0,2,Train_1111
285,759,0,0,1,0,2,Train_759
286,425,1,0,0,0,0,Train_425
287,554,0,0,1,0,2,Train_554
288,1350,0,0,0,1,3,Train_1350
289,1678,0,0,1,0,2,Train_1678
290,1273,0,0,0,1,3,Train_1273
291,816,0,0,1,0,2,Train_816
292,1317,0,0,0,1,3,Train_1317
293,70,1,0,0,0,0,Train_70
294,1214,1,0,0,0,0,Train_1214
295,1799,1,0,0,0,0,Train_1799
296,1019,0,0,1,0,2,Train_1019
297,1253,0,0,1,0,2,Train_1253
298,1516,0,0,1,0,2,Train_1516
299,825,0,0,1,0,2,Train_825
300,1484,0,0,0,1,3,Train_1484
301,1113,0,0,1,0,2,Train_1113
302,484,0,1,0,0,1,Train_484
303,682,0,1,0,0,1,Train_682
304,819,0,0,0,1,3,Train_819
305,900,0,0,1,0,2,Train_900
306,1754,0,0,0,1,3,Train_1754
307,1026,0,0,0,1,3,Train_1026
308,1310,0,1,0,0,1,Train_1310
309,1419,0,0,0,1,3,Train_1419
310,301,0,0,1,0,2,Train_301
311,170,0,1,0,0,1,Train_170
312,1105,0,0,1,0,2,Train_1105
313,1514,0,1,0,0,1,Train_1514
314,1328,1,0,0,0,0,Train_1328
315,1611,1,0,0,0,0,Train_1611
316,334,0,0,1,0,2,Train_334
317,605,1,0,0,0,0,Train_605
318,879,0,0,0,1,3,Train_879
319,717,0,0,0,1,3,Train_717
320,507,0,0,1,0,2,Train_507
321,1226,0,0,0,1,3,Train_1226
322,1368,1,0,0,0,0,Train_1368
323,1015,0,0,0,1,3,Train_1015
324,1077,0,0,0,1,3,Train_1077
325,1770,1,0,0,0,0,Train_1770
326,380,1,0,0,0,0,Train_380
327,355,0,0,0,1,3,Train_355
328,8,0,0,0,1,3,Train_8
329,706,0,0,1,0,2,Train_706
330,1051,0,0,1,0,2,Train_1051
331,721,0,0,0,1,3,Train_721
332,472,0,0,1,0,2,Train_472
333,1530,1,0,0,0,0,Train_1530
334,1744,0,0,0,1,3,Train_1744
335,333,0,0,1,0,2,Train_333
336,249,1,0,0,0,0,Train_249
337,0,0,0,0,1,3,Train_0
338,164,0,0,1,0,2,Train_164
339,785,0,0,0,1,3,Train_785
340,932,0,0,0,1,3,Train_932
341,1773,0,0,1,0,2,Train_1773
342,1576,0,0,1,0,2,Train_1576
343,144,1,0,0,0,0,Train_144
344,809,1,0,0,0,0,Train_809
345,1497,1,0,0,0,0,Train_1497
346,1544,0,0,0,1,3,Train_1544
347,1420,1,0,0,0,0,Train_1420
348,415,1,0,0,0,0,Train_415
349,885,1,0,0,0,0,Train_885
350,1579,0,0,1,0,2,Train_1579
351,347,0,0,1,0,2,Train_347
352,691,1,0,0,0,0,Train_691
353,1525,0,0,1,0,2,Train_1525
354,1531,0,1,0,0,1,Train_1531
355,77,1,0,0,0,0,Train_77
356,441,0,0,1,0,2,Train_441
357,906,0,0,0,1,3,Train_906
358,1315,0,0,0,1,3,Train_1315
359,673,0,0,0,1,3,Train_673
360,1444,0,0,0,1,3,Train_1444
361,957,0,0,1,0,2,Train_957
362,1585,1,0,0,0,0,Train_1585
363,530,0,0,0,1,3,Train_530
364,964,0,0,0,1,3,Train_964
365,1000,0,0,1,0,2,Train_1000
366,1734,1,0,0,0,0,Train_1734
367,1348,1,0,0,0,0,Train_1348
368,1425,0,0,1,0,2,Train_1425
369,1546,1,0,0,0,0,Train_1546
370,1361,0,0,0,1,3,Train_1361
371,773,1,0,0,0,0,Train_773
372,2,1,0,0,0,0,Train_2
373,1727,0,0,0,1,3,Train_1727
374,1640,0,0,1,0,2,Train_1640
375,538,0,0,0,1,3,Train_538
376,1724,1,0,0,0,0,Train_1724
377,53,1,0,0,0,0,Train_53
378,593,0,0,0,1,3,Train_593
379,55,1,0,0,0,0,Train_55
380,992,0,0,0,1,3,Train_992
381,861,0,0,0,1,3,Train_861
382,1254,1,0,0,0,0,Train_1254
383,671,1,0,0,0,0,Train_671
384,795,0,0,0,1,3,Train_795
385,1289,1,0,0,0,0,Train_1289
386,1243,0,0,0,1,3,Train_1243
387,1099,0,0,0,1,3,Train_1099
388,1009,0,0,0,1,3,Train_1009
389,955,0,0,0,1,3,Train_955
390,984,0,0,0,1,3,Train_984
391,1763,0,0,1,0,2,Train_1763
392,967,0,0,0,1,3,Train_967
393,6,0,1,0,0,1,Train_6
394,1155,0,0,0,1,3,Train_1155
395,1179,0,0,1,0,2,Train_1179
396,1119,0,1,0,0,1,Train_1119
397,1716,0,0,0,1,3,Train_1716
398,658,0,0,0,1,3,Train_658
399,1673,0,0,0,1,3,Train_1673
400,834,1,0,0,0,0,Train_834
401,1159,1,0,0,0,0,Train_1159
402,371,0,0,1,0,2,Train_371
403,252,0,0,0,1,3,Train_252
404,1010,0,0,0,1,3,Train_1010
405,275,0,0,1,0,2,Train_275
406,768,1,0,0,0,0,Train_768
407,1065,0,0,0,1,3,Train_1065
408,331,0,0,1,0,2,Train_331
409,445,0,0,1,0,2,Train_445
410,1334,0,0,0,1,3,Train_1334
411,329,1,0,0,0,0,Train_329
412,443,1,0,0,0,0,Train_443
413,225,0,0,1,0,2,Train_225
414,259,0,0,1,0,2,Train_259
415,1312,0,0,0,1,3,Train_1312
416,597,1,0,0,0,0,Train_597
417,165,0,0,1,0,2,Train_165
418,51,0,0,0,1,3,Train_51
419,638,0,0,0,1,3,Train_638
420,1357,1,0,0,0,0,Train_1357
421,385,0,0,1,0,2,Train_385
422,466,1,0,0,0,0,Train_466
423,1023,0,0,1,0,2,Train_1023
424,1670,1,0,0,0,0,Train_1670
425,1372,1,0,0,0,0,Train_1372
426,555,0,0,0,1,3,Train_555
427,481,0,0,1,0,2,Train_481
428,1807,1,0,0,0,0,Train_1807
429,1122,0,0,1,0,2,Train_1122
430,831,0,0,0,1,3,Train_831
431,442,0,0,0,1,3,Train_442
432,1049,0,0,0,1,3,Train_1049
433,496,1,0,0,0,0,Train_496
434,697,0,0,1,0,2,Train_697
435,686,0,0,0,1,3,Train_686
436,81,0,0,1,0,2,Train_81
437,11,0,0,0,1,3,Train_11
438,800,1,0,0,0,0,Train_800
439,867,0,0,1,0,2,Train_867
440,880,1,0,0,0,0,Train_880
441,1556,1,0,0,0,0,Train_1556
442,294,0,0,1,0,2,Train_294
443,707,0,0,1,0,2,Train_707
444,1232,0,0,0,1,3,Train_1232
445,1443,0,0,1,0,2,Train_1443
446,1653,1,0,0,0,0,Train_1653
447,1207,0,0,1,0,2,Train_1207
448,181,0,0,1,0,2,Train_181
449,1474,1,0,0,0,0,Train_1474
450,127,0,0,0,1,3,Train_127
451,993,0,0,0,1,3,Train_993
452,1460,0,0,0,1,3,Train_1460
453,1599,0,0,1,0,2,Train_1599
454,38,0,0,1,0,2,Train_38
455,1447,1,0,0,0,0,Train_1447
456,987,0,0,1,0,2,Train_987
457,1030,0,0,1,0,2,Train_1030
458,340,0,0,1,0,2,Train_340
459,299,0,0,1,0,2,Train_299
460,27,0,0,0,1,3,Train_27
461,1708,0,1,0,0,1,Train_1708
462,676,1,0,0,0,0,Train_676
463,1440,1,0,0,0,0,Train_1440
464,1794,1,0,0,0,0,Train_1794
465,1203,0,0,0,1,3,Train_1203
466,1448,0,0,0,1,3,Train_1448
467,412,1,0,0,0,0,Train_412
468,391,0,1,0,0,1,Train_391
469,206,0,0,1,0,2,Train_206
470,1669,1,0,0,0,0,Train_1669
471,114,0,0,1,0,2,Train_114
472,277,0,0,1,0,2,Train_277
473,182,0,0,0,1,3,Train_182
474,194,0,0,1,0,2,Train_194
475,1677,0,0,1,0,2,Train_1677
476,1403,0,0,0,1,3,Train_1403
477,327,0,0,1,0,2,Train_327
478,1233,0,0,1,0,2,Train_1233
479,516,0,0,1,0,2,Train_516
480,263,1,0,0,0,0,Train_263
481,762,0,1,0,0,1,Train_762
482,1686,0,0,1,0,2,Train_1686
483,32,0,0,0,1,3,Train_32
484,1745,0,0,1,0,2,Train_1745
485,179,1,0,0,0,0,Train_179
486,1003,0,0,0,1,3,Train_1003
487,882,1,0,0,0,0,Train_882
488,421,1,0,0,0,0,Train_421
489,300,1,0,0,0,0,Train_300
490,251,0,0,0,1,3,Train_251
491,951,1,0,0,0,0,Train_951
492,233,0,0,1,0,2,Train_233
493,1634,1,0,0,0,0,Train_1634
494,193,0,0,1,0,2,Train_193
495,133,0,0,1,0,2,Train_133
496,598,0,0,1,0,2,Train_598
497,923,1,0,0,0,0,Train_923
498,1645,0,0,0,1,3,Train_1645
499,953,1,0,0,0,0,Train_953
500,315,0,0,0,1,3,Train_315
501,1136,0,0,0,1,3,Train_1136
502,1790,0,0,1,0,2,Train_1790
503,368,0,0,1,0,2,Train_368
504,572,1,0,0,0,0,Train_572
505,110,0,0,0,1,3,Train_110
506,1045,0,0,0,1,3,Train_1045
507,361,0,0,0,1,3,Train_361
508,1735,1,0,0,0,0,Train_1735
509,479,0,0,1,0,2,Train_479
510,204,0,0,0,1,3,Train_204
511,1473,0,0,0,1,3,Train_1473
512,1156,0,0,0,1,3,Train_1156
513,7,0,0,0,1,3,Train_7
514,1039,1,0,0,0,0,Train_1039
515,654,0,0,1,0,2,Train_654
516,115,0,0,1,0,2,Train_115
517,1157,0,0,0,1,3,Train_1157
518,569,1,0,0,0,0,Train_569
519,1239,1,0,0,0,0,Train_1239
520,1332,0,0,1,0,2,Train_1332
521,284,0,0,1,0,2,Train_284
522,1311,0,0,1,0,2,Train_1311
523,50,0,0,1,0,2,Train_50
524,1785,0,0,1,0,2,Train_1785
525,1577,0,1,0,0,1,Train_1577
526,528,0,0,0,1,3,Train_528
527,1791,0,0,1,0,2,Train_1791
528,745,0,0,1,0,2,Train_745
529,1743,0,0,1,0,2,Train_1743
530,1202,0,0,0,1,3,Train_1202
531,427,1,0,0,0,0,Train_427
532,1550,0,0,0,1,3,Train_1550
533,85,0,0,0,1,3,Train_85
534,214,0,0,0,1,3,Train_214
535,501,0,0,1,0,2,Train_501
536,99,1,0,0,0,0,Train_99
537,812,1,0,0,0,0,Train_812
538,1552,1,0,0,0,0,Train_1552
539,1684,0,0,1,0,2,Train_1684
540,1506,0,0,0,1,3,Train_1506
541,79,0,0,0,1,3,Train_79
542,926,0,0,0,1,3,Train_926
543,1622,0,0,0,1,3,Train_1622
544,107,0,0,0,1,3,Train_107
545,1324,0,0,1,0,2,Train_1324
546,209,0,0,0,1,3,Train_209
547,1541,1,0,0,0,0,Train_1541
548,1607,0,0,1,0,2,Train_1607
549,1519,0,0,0,1,3,Train_1519
550,420,1,0,0,0,0,Train_420
551,1758,0,0,0,1,3,Train_1758
552,1288,0,0,0,1,3,Train_1288
553,1345,0,0,0,1,3,Train_1345
554,1247,1,0,0,0,0,Train_1247
555,628,0,0,0,1,3,Train_628
556,338,0,1,0,0,1,Train_338
557,757,0,0,0,1,3,Train_757
558,1186,1,0,0,0,0,Train_1186
559,58,0,0,1,0,2,Train_58
560,525,1,0,0,0,0,Train_525
561,452,1,0,0,0,0,Train_452
562,124,0,0,1,0,2,Train_124
563,1639,0,0,0,1,3,Train_1639
564,866,1,0,0,0,0,Train_866
565,268,0,0,0,1,3,Train_268
566,96,0,0,1,0,2,Train_96
567,672,0,0,1,0,2,Train_672
568,1258,0,0,0,1,3,Train_1258
569,1641,0,1,0,0,1,Train_1641
570,980,1,0,0,0,0,Train_980
571,1583,1,0,0,0,0,Train_1583
572,1689,0,0,1,0,2,Train_1689
573,438,1,0,0,0,0,Train_438
574,1409,0,0,1,0,2,Train_1409
575,1722,0,0,1,0,2,Train_1722
576,1305,0,0,0,1,3,Train_1305
577,624,0,0,0,1,3,Train_624
578,1025,0,0,0,1,3,Train_1025
579,909,1,0,0,0,0,Train_909
580,332,0,0,0,1,3,Train_332
581,145,0,0,0,1,3,Train_145
582,1792,0,0,1,0,2,Train_1792
583,1340,0,0,1,0,2,Train_1340
584,1199,1,0,0,0,0,Train_1199
585,1597,1,0,0,0,0,Train_1597
586,1379,0,0,1,0,2,Train_1379
587,433,1,0,0,0,0,Train_433
588,511,0,0,1,0,2,Train_511
589,1098,0,0,0,1,3,Train_1098
590,1370,0,0,1,0,2,Train_1370
591,1815,0,1,0,0,1,Train_1815
592,390,0,0,1,0,2,Train_390
593,1766,0,0,1,0,2,Train_1766
594,253,0,0,0,1,3,Train_253
595,1810,1,0,0,0,0,Train_1810
596,931,0,0,1,0,2,Train_931
597,500,0,0,1,0,2,Train_500
598,1190,0,0,0,1,3,Train_1190
599,978,0,0,1,0,2,Train_978
600,871,0,0,0,1,3,Train_871
601,1191,0,0,1,0,2,Train_1191
602,820,0,0,0,1,3,Train_820
603,1261,1,0,0,0,0,Train_1261
604,1774,1,0,0,0,0,Train_1774
605,532,1,0,0,0,0,Train_532
606,319,0,0,0,1,3,Train_319
607,254,0,0,1,0,2,Train_254
608,108,0,0,1,0,2,Train_108
609,894,0,0,0,1,3,Train_894
610,524,0,0,0,1,3,Train_524
611,1630,0,0,1,0,2,Train_1630
612,19,0,0,0,1,3,Train_19
613,10,0,0,1,0,2,Train_10
614,292,0,0,0,1,3,Train_292
615,1375,0,0,0,1,3,Train_1375
616,536,0,0,1,0,2,Train_536
617,975,0,0,1,0,2,Train_975
618,1282,1,0,0,0,0,Train_1282
619,1306,1,0,0,0,0,Train_1306
620,1539,1,0,0,0,0,Train_1539
621,152,0,0,0,1,3,Train_152
622,1397,1,0,0,0,0,Train_1397
623,1522,0,0,0,1,3,Train_1522
624,770,0,0,0,1,3,Train_770
625,574,0,0,1,0,2,Train_574
626,141,0,0,1,0,2,Train_141
627,1349,1,0,0,0,0,Train_1349
628,318,0,0,1,0,2,Train_318
629,497,0,0,1,0,2,Train_497
630,1609,0,1,0,0,1,Train_1609
631,1006,0,0,0,1,3,Train_1006
632,366,1,0,0,0,0,Train_366
633,1031,1,0,0,0,0,Train_1031
634,1176,1,0,0,0,0,Train_1176
635,1102,0,0,1,0,2,Train_1102
636,582,0,0,1,0,2,Train_582
637,521,0,0,0,1,3,Train_521
638,556,0,0,0,1,3,Train_556
639,1118,0,0,1,0,2,Train_1118
640,994,0,0,0,1,3,Train_994
641,890,1,0,0,0,0,Train_890
642,918,1,0,0,0,0,Train_918
643,1629,0,0,1,0,2,Train_1629
644,121,0,0,1,0,2,Train_121
645,432,1,0,0,0,0,Train_432
646,172,0,0,0,1,3,Train_172
647,884,0,0,1,0,2,Train_884
648,1662,0,1,0,0,1,Train_1662
649,997,0,0,0,1,3,Train_997
650,150,0,0,0,1,3,Train_150
651,1476,1,0,0,0,0,Train_1476
652,1380,1,0,0,0,0,Train_1380
653,309,0,0,0,1,3,Train_309
654,896,1,0,0,0,0,Train_896
655,92,0,0,1,0,2,Train_92
656,1364,0,0,1,0,2,Train_1364
657,200,0,0,0,1,3,Train_200
658,823,0,0,0,1,3,Train_823
659,1464,0,0,0,1,3,Train_1464
660,647,0,0,1,0,2,Train_647
661,1196,0,0,1,0,2,Train_1196
662,1603,0,0,1,0,2,Train_1603
663,69,0,0,1,0,2,Train_69
664,833,1,0,0,0,0,Train_833
665,1671,0,0,1,0,2,Train_1671
666,1132,0,0,0,1,3,Train_1132
667,1679,0,0,1,0,2,Train_1679
668,690,0,0,1,0,2,Train_690
669,1127,0,0,0,1,3,Train_1127
670,116,0,0,0,1,3,Train_116
671,325,0,0,0,1,3,Train_325
672,244,0,0,1,0,2,Train_244
673,601,1,0,0,0,0,Train_601
674,278,1,0,0,0,0,Train_278
675,1656,1,0,0,0,0,Train_1656
676,939,1,0,0,0,0,Train_939
677,526,1,0,0,0,0,Train_526
678,998,0,0,0,1,3,Train_998
679,621,1,0,0,0,0,Train_621
680,1619,0,0,0,1,3,Train_1619
681,709,0,0,0,1,3,Train_709
682,856,0,0,0,1,3,Train_856
683,126,0,0,1,0,2,Train_126
684,666,0,0,1,0,2,Train_666
685,143,0,0,0,1,3,Train_143
686,1714,0,0,1,0,2,Train_1714
687,1316,0,0,1,0,2,Train_1316
688,832,0,0,1,0,2,Train_832
689,905,0,1,0,0,1,Train_905
690,435,0,0,1,0,2,Train_435
691,59,0,0,1,0,2,Train_59
692,1029,0,0,1,0,2,Train_1029
693,1290,0,0,1,0,2,Train_1290
694,1131,1,0,0,0,0,Train_1131
695,1043,1,0,0,0,0,Train_1043
696,1200,0,0,1,0,2,Train_1200
697,411,0,0,1,0,2,Train_411
698,342,0,0,1,0,2,Train_342
699,1182,0,0,0,1,3,Train_1182
700,848,0,0,1,0,2,Train_848
701,1104,0,0,0,1,3,Train_1104
702,1135,0,0,0,1,3,Train_1135
703,1411,0,0,0,1,3,Train_1411
704,1229,0,0,1,0,2,Train_1229
705,491,1,0,0,0,0,Train_491
706,1540,0,0,1,0,2,Train_1540
707,104,0,1,0,0,1,Train_104
708,78,0,0,0,1,3,Train_78
709,712,0,0,1,0,2,Train_712
710,1704,0,0,0,1,3,Train_1704
711,1459,1,0,0,0,0,Train_1459
712,1674,0,0,1,0,2,Train_1674
713,843,0,0,1,0,2,Train_843
714,1528,1,0,0,0,0,Train_1528
715,1438,1,0,0,0,0,Train_1438
716,1378,0,0,1,0,2,Train_1378
717,887,1,0,0,0,0,Train_887
718,473,0,0,0,1,3,Train_473
719,1028,0,1,0,0,1,Train_1028
720,667,0,0,1,0,2,Train_667
721,192,0,0,0,1,3,Train_192
722,1719,0,0,0,1,3,Train_1719
723,261,1,0,0,0,0,Train_261
724,675,1,0,0,0,0,Train_675
725,453,0,0,1,0,2,Train_453
726,1709,0,0,1,0,2,Train_1709
727,942,1,0,0,0,0,Train_942
728,1150,0,0,1,0,2,Train_1150
729,307,1,0,0,0,0,Train_307
730,1508,1,0,0,0,0,Train_1508
731,701,1,0,0,0,0,Train_701
732,458,0,0,1,0,2,Train_458
733,540,0,0,0,1,3,Train_540
734,645,0,1,0,0,1,Train_645
735,1008,0,0,0,1,3,Train_1008
736,350,0,0,1,0,2,Train_350
737,1638,0,0,0,1,3,Train_1638
738,1479,1,0,0,0,0,Train_1479
739,513,0,0,1,0,2,Train_513
740,422,0,0,1,0,2,Train_422
741,1555,1,0,0,0,0,Train_1555
742,746,1,0,0,0,0,Train_746
743,767,0,0,1,0,2,Train_767
744,718,0,0,1,0,2,Train_718
745,1355,1,0,0,0,0,Train_1355
746,1210,1,0,0,0,0,Train_1210
747,1614,1,0,0,0,0,Train_1614
748,602,0,1,0,0,1,Train_602
749,581,0,0,0,1,3,Train_581
750,228,0,0,1,0,2,Train_228
751,1423,0,0,1,0,2,Train_1423
752,175,1,0,0,0,0,Train_175
753,321,0,0,1,0,2,Train_321
754,1255,0,0,1,0,2,Train_1255
755,1657,0,0,1,0,2,Train_1657
756,1688,0,0,0,1,3,Train_1688
757,1129,0,1,0,0,1,Train_1129
758,1341,1,0,0,0,0,Train_1341
759,512,0,0,1,0,2,Train_512
760,789,0,0,1,0,2,Train_789
761,1249,0,0,0,1,3,Train_1249
762,881,1,0,0,0,0,Train_881
763,1050,0,1,0,0,1,Train_1050
764,429,0,0,0,1,3,Train_429
765,109,0,0,1,0,2,Train_109
766,1277,1,0,0,0,0,Train_1277
767,869,0,0,0,1,3,Train_869
768,1314,0,0,1,0,2,Train_1314
769,1337,0,0,0,1,3,Train_1337
770,822,0,0,1,0,2,Train_822
771,844,0,0,0,1,3,Train_844
772,1013,0,1,0,0,1,Train_1013
773,231,0,1,0,0,1,Train_231
774,49,0,0,0,1,3,Train_49
775,75,0,0,1,0,2,Train_75
776,1167,0,0,0,1,3,Train_1167
777,470,0,0,0,1,3,Train_470
778,639,0,0,1,0,2,Train_639
779,1318,0,0,1,0,2,Train_1318
780,1217,0,0,0,1,3,Train_1217
781,1482,1,0,0,0,0,Train_1482
782,1259,0,0,0,1,3,Train_1259
783,872,1,0,0,0,0,Train_872
784,1545,0,0,1,0,2,Train_1545
785,265,1,0,0,0,0,Train_265
786,858,0,0,0,1,3,Train_858
787,1177,0,0,1,0,2,Train_1177
788,1320,0,0,1,0,2,Train_1320
789,1281,0,0,0,1,3,Train_1281
790,1153,1,0,0,0,0,Train_1153
791,1044,1,0,0,0,0,Train_1044
792,588,0,0,1,0,2,Train_588
793,1574,0,0,1,0,2,Train_1574
794,488,1,0,0,0,0,Train_488
795,1548,1,0,0,0,0,Train_1548
796,534,0,0,1,0,2,Train_534
797,91,0,0,0,1,3,Train_91
798,1742,0,0,0,1,3,Train_1742
799,291,1,0,0,0,0,Train_291
800,1663,1,0,0,0,0,Train_1663
801,167,1,0,0,0,0,Train_167
802,1260,0,0,1,0,2,Train_1260
803,1108,0,0,1,0,2,Train_1108
804,1718,0,0,1,0,2,Train_1718
805,959,1,0,0,0,0,Train_959
806,142,0,0,0,1,3,Train_142
807,854,0,0,0,1,3,Train_854
808,1426,1,0,0,0,0,Train_1426
809,1047,1,0,0,0,0,Train_1047
810,1527,0,0,1,0,2,Train_1527
811,1543,0,0,0,1,3,Train_1543
812,750,0,0,1,0,2,Train_750
813,577,0,0,1,0,2,Train_577
814,1323,0,0,0,1,3,Train_1323
815,46,1,0,0,0,0,Train_46
816,1054,1,0,0,0,0,Train_1054
817,636,0,0,0,1,3,Train_636
818,147,0,0,0,1,3,Train_147
819,1376,0,0,1,0,2,Train_1376
820,1353,0,0,0,1,3,Train_1353
821,1240,1,0,0,0,0,Train_1240
822,394,0,0,1,0,2,Train_394
823,730,1,0,0,0,0,Train_730
824,670,0,0,1,0,2,Train_670
825,813,0,0,0,1,3,Train_813
826,1446,0,0,1,0,2,Train_1446
827,659,0,0,0,1,3,Train_659
828,1246,0,0,0,1,3,Train_1246
829,1788,0,0,1,0,2,Train_1788
830,651,0,0,0,1,3,Train_651
831,799,0,0,1,0,2,Train_799
832,945,0,0,1,0,2,Train_945
833,1756,0,0,0,1,3,Train_1756
834,548,0,0,0,1,3,Train_548
835,550,1,0,0,0,0,Train_550
836,683,0,0,1,0,2,Train_683
837,965,0,0,1,0,2,Train_965
838,1486,0,0,1,0,2,Train_1486
839,42,0,0,0,1,3,Train_42
840,1092,1,0,0,0,0,Train_1092
841,57,0,0,1,0,2,Train_57
842,418,0,1,0,0,1,Train_418
843,1386,1,0,0,0,0,Train_1386
844,929,1,0,0,0,0,Train_929
845,1554,0,1,0,0,1,Train_1554
846,576,0,0,0,1,3,Train_576
847,444,1,0,0,0,0,Train_444
848,1304,1,0,0,0,0,Train_1304
849,103,1,0,0,0,0,Train_103
850,1726,0,0,1,0,2,Train_1726
851,943,0,0,0,1,3,Train_943
852,916,0,0,1,0,2,Train_916
853,642,1,0,0,0,0,Train_642
854,213,1,0,0,0,0,Train_213
855,705,0,0,1,0,2,Train_705
856,661,0,0,0,1,3,Train_661
857,1755,0,0,1,0,2,Train_1755
858,1062,0,0,0,1,3,Train_1062
859,1018,0,1,0,0,1,Train_1018
860,174,1,0,0,0,0,Train_174
861,1080,1,0,0,0,0,Train_1080
862,968,1,0,0,0,0,Train_968
863,1095,0,0,0,1,3,Train_1095
864,1612,1,0,0,0,0,Train_1612
865,171,0,0,1,0,2,Train_171
866,1561,0,0,1,0,2,Train_1561
867,1589,0,0,0,1,3,Train_1589
868,1586,0,0,0,1,3,Train_1586
869,1069,0,0,1,0,2,Train_1069
870,1699,0,0,1,0,2,Train_1699
871,1193,1,0,0,0,0,Train_1193
872,758,0,0,0,1,3,Train_758
873,1702,0,0,0,1,3,Train_1702
874,1489,1,0,0,0,0,Train_1489
875,1526,0,1,0,0,1,Train_1526
876,349,0,0,0,1,3,Train_349
877,1466,1,0,0,0,0,Train_1466
878,1781,1,0,0,0,0,Train_1781
879,1635,1,0,0,0,0,Train_1635
880,618,1,0,0,0,0,Train_618
881,933,0,0,0,1,3,Train_933
882,694,1,0,0,0,0,Train_694
883,1090,0,0,0,1,3,Train_1090
884,1475,0,0,1,0,2,Train_1475
885,426,0,0,1,0,2,Train_426
886,166,0,0,0,1,3,Train_166
887,14,0,0,1,0,2,Train_14
888,529,1,0,0,0,0,Train_529
889,1477,1,0,0,0,0,Train_1477
890,140,0,0,0,1,3,Train_140
891,1483,0,0,0,1,3,Train_1483
892,1272,0,0,1,0,2,Train_1272
893,1705,0,0,0,1,3,Train_1705
894,1749,0,0,1,0,2,Train_1749
895,1551,0,0,1,0,2,Train_1551
896,716,0,0,0,1,3,Train_716
897,732,0,1,0,0,1,Train_732
898,1002,1,0,0,0,0,Train_1002
899,1267,0,0,1,0,2,Train_1267
900,1428,0,0,1,0,2,Train_1428
901,1542,0,0,0,1,3,Train_1542
902,1347,1,0,0,0,0,Train_1347
903,1057,0,0,1,0,2,Train_1057
904,1392,1,0,0,0,0,Train_1392
905,465,0,0,1,0,2,Train_465
906,184,0,0,1,0,2,Train_184
907,1401,0,0,0,1,3,Train_1401
908,146,1,0,0,0,0,Train_146
909,52,0,0,0,1,3,Train_52
910,153,0,0,0,1,3,Train_153
911,744,0,0,1,0,2,Train_744
912,215,1,0,0,0,0,Train_215
913,308,0,0,0,1,3,Train_308
914,403,0,0,1,0,2,Train_403
915,296,0,0,0,1,3,Train_296
916,850,1,0,0,0,0,Train_850
917,1598,1,0,0,0,0,Train_1598
918,930,0,0,0,1,3,Train_930
919,590,0,0,1,0,2,Train_590
920,117,0,0,1,0,2,Train_117
921,186,0,0,0,1,3,Train_186
922,372,0,0,0,1,3,Train_372
923,281,0,0,0,1,3,Train_281
924,335,1,0,0,0,0,Train_335
925,1700,0,0,0,1,3,Train_1700
926,857,0,1,0,0,1,Train_857
927,1418,0,0,1,0,2,Train_1418
928,1513,1,0,0,0,0,Train_1513
929,769,1,0,0,0,0,Train_769
930,1782,1,0,0,0,0,Train_1782
931,1396,1,0,0,0,0,Train_1396
932,1643,0,0,0,1,3,Train_1643
933,579,1,0,0,0,0,Train_579
934,1503,0,0,0,1,3,Train_1503
935,542,0,0,1,0,2,Train_542
936,948,1,0,0,0,0,Train_948
937,245,0,1,0,0,1,Train_245
938,345,0,0,1,0,2,Train_345
939,304,1,0,0,0,0,Train_304
940,610,0,0,1,0,2,Train_610
941,876,0,0,1,0,2,Train_876
942,632,0,0,1,0,2,Train_632
943,242,0,0,0,1,3,Train_242
944,535,0,1,0,0,1,Train_535
945,201,1,0,0,0,0,Train_201
946,733,0,0,0,1,3,Train_733
947,1338,0,0,0,1,3,Train_1338
948,90,1,0,0,0,0,Train_90
949,1388,1,0,0,0,0,Train_1388
950,1394,0,0,1,0,2,Train_1394
951,779,0,0,1,0,2,Train_779
952,1731,1,0,0,0,0,Train_1731
953,1812,0,0,0,1,3,Train_1812
954,1608,1,0,0,0,0,Train_1608
955,962,0,0,1,0,2,Train_962
956,1416,0,0,0,1,3,Train_1416
957,1351,0,0,1,0,2,Train_1351
958,1152,0,0,0,1,3,Train_1152
959,1283,0,0,1,0,2,Train_1283
960,1278,0,0,0,1,3,Train_1278
961,1058,1,0,0,0,0,Train_1058
962,999,0,0,1,0,2,Train_999
963,1081,0,0,1,0,2,Train_1081
964,1456,0,0,0,1,3,Train_1456
965,1369,0,1,0,0,1,Train_1369
966,1206,0,0,1,0,2,Train_1206
967,1284,0,0,1,0,2,Train_1284
968,461,0,0,1,0,2,Train_461
969,1263,0,0,1,0,2,Train_1263
970,573,1,0,0,0,0,Train_573
971,564,0,0,1,0,2,Train_564
972,1078,0,0,1,0,2,Train_1078
973,1454,0,1,0,0,1,Train_1454
974,883,0,0,0,1,3,Train_883
975,807,1,0,0,0,0,Train_807
976,1571,0,0,1,0,2,Train_1571
977,402,0,0,1,0,2,Train_402
978,352,0,0,0,1,3,Train_352
979,796,0,0,1,0,2,Train_796
980,1529,0,0,0,1,3,Train_1529
981,1146,1,0,0,0,0,Train_1146
982,76,0,0,0,1,3,Train_76
983,791,1,0,0,0,0,Train_791
984,15,0,0,1,0,2,Train_15
985,599,0,0,0,1,3,Train_599
986,1495,0,0,0,1,3,Train_1495
987,376,1,0,0,0,0,Train_376
988,826,1,0,0,0,0,Train_826
989,1701,0,0,0,1,3,Train_1701
990,1133,1,0,0,0,0,Train_1133
991,950,0,0,1,0,2,Train_950
992,1592,0,0,1,0,2,Train_1592
993,66,1,0,0,0,0,Train_66
994,1209,0,0,0,1,3,Train_1209
995,1520,0,0,0,1,3,Train_1520
996,1100,0,0,0,1,3,Train_1100
997,783,0,0,0,1,3,Train_783
998,531,1,0,0,0,0,Train_531
999,786,1,0,0,0,0,Train_786
1000,1053,0,0,1,0,2,Train_1053
1001,1292,0,0,1,0,2,Train_1292
1002,527,0,0,0,1,3,Train_527
1003,1056,0,0,0,1,3,Train_1056
1004,1690,0,0,0,1,3,Train_1690
1005,1806,0,0,0,1,3,Train_1806
1006,317,1,0,0,0,0,Train_317
1007,279,0,0,1,0,2,Train_279
1008,989,1,0,0,0,0,Train_989
1009,134,1,0,0,0,0,Train_134
1010,434,0,0,1,0,2,Train_434
1011,558,1,0,0,0,0,Train_558
1012,1507,0,0,0,1,3,Train_1507
1013,423,0,0,0,1,3,Train_423
1014,1504,1,0,0,0,0,Train_1504
1015,87,0,0,1,0,2,Train_87
1016,1384,0,0,0,1,3,Train_1384
1017,288,0,0,1,0,2,Train_288
1018,283,0,0,0,1,3,Train_283
1019,480,0,1,0,0,1,Train_480
1020,1753,0,0,1,0,2,Train_1753
1021,1096,0,0,1,0,2,Train_1096
1022,1687,1,0,0,0,0,Train_1687
1023,753,1,0,0,0,0,Train_753
1024,1453,0,0,1,0,2,Train_1453
1025,1644,0,0,1,0,2,Train_1644
1026,821,0,0,1,0,2,Train_821
1027,1562,1,0,0,0,0,Train_1562
1028,1517,1,0,0,0,0,Train_1517
1029,1140,0,0,0,1,3,Train_1140
1030,988,0,0,0,1,3,Train_988
1031,436,0,1,0,0,1,Train_436
1032,794,1,0,0,0,0,Train_794
1033,1500,0,0,0,1,3,Train_1500
1034,1285,1,0,0,0,0,Train_1285
1035,195,1,0,0,0,0,Train_195
1036,1235,0,0,1,0,2,Train_1235
1037,1485,0,0,1,0,2,Train_1485
1038,474,1,0,0,0,0,Train_474
1039,571,0,0,1,0,2,Train_571
1040,155,0,0,0,1,3,Train_155
1041,695,0,0,1,0,2,Train_695
1042,864,1,0,0,0,0,Train_864
1043,471,0,0,0,1,3,Train_471
1044,1768,0,0,0,1,3,Train_1768
1045,1241,0,0,0,1,3,Train_1241
1046,1212,0,0,0,1,3,Train_1212
1047,751,0,0,0,1,3,Train_751
1048,817,1,0,0,0,0,Train_817
1049,741,0,0,1,0,2,Train_741
1050,238,1,0,0,0,0,Train_238
1051,1172,0,0,0,1,3,Train_1172
1052,68,1,0,0,0,0,Train_68
1053,1493,0,0,0,1,3,Train_1493
1054,1046,0,1,0,0,1,Train_1046
1055,1613,0,0,1,0,2,Train_1613
1056,747,1,0,0,0,0,Train_747
1057,868,0,0,0,1,3,Train_868
1058,401,0,0,0,1,3,Train_401
1059,814,0,0,1,0,2,Train_814
1060,1296,0,0,0,1,3,Train_1296
1061,764,0,0,1,0,2,Train_764
1062,1637,0,0,0,1,3,Train_1637
1063,123,1,0,0,0,0,Train_123
1064,1204,0,0,1,0,2,Train_1204
1065,440,0,0,1,0,2,Train_440
1066,1138,0,0,1,0,2,Train_1138
1067,1242,0,0,0,1,3,Train_1242
1068,1511,0,0,1,0,2,Train_1511
1069,1373,0,0,1,0,2,Train_1373
1070,724,0,0,1,0,2,Train_724
1071,187,0,0,1,0,2,Train_187
1072,761,1,0,0,0,0,Train_761
1073,1715,0,0,0,1,3,Train_1715
1074,381,0,0,0,1,3,Train_381
1075,243,0,0,0,1,3,Train_243
1076,161,0,0,0,1,3,Train_161
1077,1729,0,0,1,0,2,Train_1729
1078,326,0,0,0,1,3,Train_326
1079,1184,0,0,1,0,2,Train_1184
1080,494,0,0,0,1,3,Train_494
1081,1342,0,0,1,0,2,Train_1342
1082,1371,1,0,0,0,0,Train_1371
1083,838,0,0,0,1,3,Train_838
1084,970,0,0,0,1,3,Train_970
1085,1604,1,0,0,0,0,Train_1604
1086,392,1,0,0,0,0,Train_392
1087,725,1,0,0,0,0,Train_725
1088,1605,1,0,0,0,0,Train_1605
1089,748,0,0,0,1,3,Train_748
1090,266,1,0,0,0,0,Train_266
1091,71,0,0,1,0,2,Train_71
1092,1738,0,0,1,0,2,Train_1738
1093,139,0,0,1,0,2,Train_139
1094,1655,0,0,1,0,2,Train_1655
1095,1012,1,0,0,0,0,Train_1012
1096,922,0,0,0,1,3,Train_922
1097,310,0,0,0,1,3,Train_310
1098,1798,0,0,1,0,2,Train_1798
1099,578,0,0,1,0,2,Train_578
1100,1084,0,0,1,0,2,Train_1084
1101,780,0,0,0,1,3,Train_780
1102,1087,0,0,1,0,2,Train_1087
1103,698,0,0,0,1,3,Train_698
1104,565,0,0,0,1,3,Train_565
1105,1148,0,0,1,0,2,Train_1148
1106,586,0,0,1,0,2,Train_586
1107,1694,1,0,0,0,0,Train_1694
1108,1488,0,0,0,1,3,Train_1488
1109,1103,1,0,0,0,0,Train_1103
1110,1818,1,0,0,0,0,Train_1818
1111,1162,0,0,0,1,3,Train_1162
1112,462,0,0,1,0,2,Train_462
1113,478,1,0,0,0,0,Train_478
1114,873,0,0,1,0,2,Train_873
1115,1407,0,0,1,0,2,Train_1407
1116,1668,0,0,1,0,2,Train_1668
1117,852,0,0,1,0,2,Train_852
1118,921,1,0,0,0,0,Train_921
1119,1421,0,0,0,1,3,Train_1421
1120,734,0,0,1,0,2,Train_734
1121,1005,1,0,0,0,0,Train_1005
1122,947,1,0,0,0,0,Train_947
1123,1553,0,0,0,1,3,Train_1553
1124,111,1,0,0,0,0,Train_111
1125,655,0,0,0,1,3,Train_655
1126,771,0,0,0,1,3,Train_771
1127,63,1,0,0,0,0,Train_63
1128,1245,1,0,0,0,0,Train_1245
1129,1300,0,0,1,0,2,Train_1300
1130,241,0,0,1,0,2,Train_241
1131,1691,1,0,0,0,0,Train_1691
1132,1174,0,0,0,1,3,Train_1174
1133,1297,1,0,0,0,0,Train_1297
1134,842,0,0,0,1,3,Train_842
1135,982,0,0,1,0,2,Train_982
1136,688,0,0,0,1,3,Train_688
1137,395,0,1,0,0,1,Train_395
1138,1789,1,0,0,0,0,Train_1789
1139,502,1,0,0,0,0,Train_502
1140,1728,0,0,0,1,3,Train_1728
1141,1415,1,0,0,0,0,Train_1415
1142,1387,0,0,1,0,2,Train_1387
1143,1615,1,0,0,0,0,Train_1615
1144,679,1,0,0,0,0,Train_679
1145,424,0,0,0,1,3,Train_424
1146,742,0,0,1,0,2,Train_742
1147,270,0,0,0,1,3,Train_270
1148,587,1,0,0,0,0,Train_587
1149,1494,0,1,0,0,1,Train_1494
1150,212,0,0,1,0,2,Train_212
1151,287,1,0,0,0,0,Train_287
1152,324,0,0,0,1,3,Train_324
1153,1124,0,0,0,1,3,Train_1124
1154,1412,0,0,1,0,2,Train_1412
1155,493,0,1,0,0,1,Train_493
1156,360,1,0,0,0,0,Train_360
1157,1147,0,0,1,0,2,Train_1147
1158,41,0,0,0,1,3,Train_41
1159,102,0,0,1,0,2,Train_102
1160,606,0,0,1,0,2,Train_606
1161,1014,1,0,0,0,0,Train_1014
1162,938,0,0,1,0,2,Train_938
1163,82,0,0,1,0,2,Train_82
1164,363,0,1,0,0,1,Train_363_rcbpa
1165,95,0,1,0,0,1,Train_95_baqqd
1166,949,0,1,0,0,1,Train_949_ycbyx
1167,1780,0,1,0,0,1,Train_1780_cbzxb
1168,399,0,1,0,0,1,Train_399_adxbq
1169,563,0,1,0,0,1,Train_563_pxqzz
1170,754,0,1,0,0,1,Train_754_xapbq
1171,74,0,1,0,0,1,Train_74_xdxbc
1172,237,0,1,0,0,1,Train_237_zzdyc
1173,1035,0,1,0,0,1,Train_1035_brrxx
1174,1468,0,1,0,0,1,Train_1468_rbqrd
1175,1664,0,1,0,0,1,Train_1664_yzapa
1176,25,0,1,0,0,1,Train_25_qabyd
1177,1779,0,1,0,0,1,Train_1779_yarpp
1178,1390,0,1,0,0,1,Train_1390_zqpcc
1179,306,0,1,0,0,1,Train_306_qyqqq
1180,1161,0,1,0,0,1,Train_1161_dpqdx
1181,484,0,1,0,0,1,Train_484_zcpxa
1182,682,0,1,0,0,1,Train_682_yzdbb
1183,1310,0,1,0,0,1,Train_1310_crdqb
1184,170,0,1,0,0,1,Train_170_bzzxx
1185,1514,0,1,0,0,1,Train_1514_qxdcy
1186,1531,0,1,0,0,1,Train_1531_qxyyr
1187,6,0,1,0,0,1,Train_6_bxyqp
1188,1119,0,1,0,0,1,Train_1119_carpq
1189,1708,0,1,0,0,1,Train_1708_czzbc
1190,391,0,1,0,0,1,Train_391_qazdd
1191,762,0,1,0,0,1,Train_762_ypqyd
1192,1577,0,1,0,0,1,Train_1577_qqdbx
1193,338,0,1,0,0,1,Train_338_zrdzb
1194,1641,0,1,0,0,1,Train_1641_qyaap
1195,1815,0,1,0,0,1,Train_1815_abycq
1196,1609,0,1,0,0,1,Train_1609_qqrxd
1197,1662,0,1,0,0,1,Train_1662_xrqap
1198,905,0,1,0,0,1,Train_905_aqaqc
1199,104,0,1,0,0,1,Train_104_arqqb
1200,1028,0,1,0,0,1,Train_1028_xxzcx
1201,645,0,1,0,0,1,Train_645_zbyzz
1202,602,0,1,0,0,1,Train_602_bycay
1203,1129,0,1,0,0,1,Train_1129_xbqpd
1204,1050,0,1,0,0,1,Train_1050_bqxrb
1205,1013,0,1,0,0,1,Train_1013_ybrpd
1206,231,0,1,0,0,1,Train_231_adabd
1207,418,0,1,0,0,1,Train_418_zabdp
1208,1554,0,1,0,0,1,Train_1554_yrrbr
1209,1018,0,1,0,0,1,Train_1018_qzabz
1210,1526,0,1,0,0,1,Train_1526_adzaa
1211,732,0,1,0,0,1,Train_732_xcrpy
1212,857,0,1,0,0,1,Train_857_yrpcc
1213,245,0,1,0,0,1,Train_245_zraqd
1214,535,0,1,0,0,1,Train_535_xxycr
1215,1369,0,1,0,0,1,Train_1369_dazyz
1216,1454,0,1,0,0,1,Train_1454_aqdqq
1217,480,0,1,0,0,1,Train_480_cxzxp
1218,436,0,1,0,0,1,Train_436_zyycy
1219,1046,0,1,0,0,1,Train_1046_rxdcd
1220,395,0,1,0,0,1,Train_395_drdrd
1221,1494,0,1,0,0,1,Train_1494_ydpab
1222,493,0,1,0,0,1,Train_493_dbxzd
1223,363,0,1,0,0,1,Train_363_xqxby
1224,95,0,1,0,0,1,Train_95_bbdqd
1225,949,0,1,0,0,1,Train_949_zzcdd
1226,1780,0,1,0,0,1,Train_1780_xaayy
1227,399,0,1,0,0,1,Train_399_bzqrr
1228,563,0,1,0,0,1,Train_563_addbd
1229,754,0,1,0,0,1,Train_754_xxadb
1230,74,0,1,0,0,1,Train_74_pqdyr
1231,237,0,1,0,0,1,Train_237_rdzaz
1232,1035,0,1,0,0,1,Train_1035_ypqxc
1233,1468,0,1,0,0,1,Train_1468_bbacb
1234,1664,0,1,0,0,1,Train_1664_arcpd
1235,25,0,1,0,0,1,Train_25_pcdbr
1236,1779,0,1,0,0,1,Train_1779_zacdz
1237,1390,0,1,0,0,1,Train_1390_xardb
1238,306,0,1,0,0,1,Train_306_crcca
1239,1161,0,1,0,0,1,Train_1161_xbabp
1240,484,0,1,0,0,1,Train_484_rpcdb
1241,682,0,1,0,0,1,Train_682_bdbaa
1242,1310,0,1,0,0,1,Train_1310_azapa
1243,170,0,1,0,0,1,Train_170_azxqb
1244,1514,0,1,0,0,1,Train_1514_pdayx
1245,1531,0,1,0,0,1,Train_1531_rabby
1246,6,0,1,0,0,1,Train_6_ayyrc
1247,1119,0,1,0,0,1,Train_1119_zcacz
1248,1708,0,1,0,0,1,Train_1708_cxyxc
1249,391,0,1,0,0,1,Train_391_rdxpb
1250,762,0,1,0,0,1,Train_762_pyqyd
1251,1577,0,1,0,0,1,Train_1577_rcayz
1252,338,0,1,0,0,1,Train_338_ypzzy
1253,1641,0,1,0,0,1,Train_1641_bxdqz
1254,1815,0,1,0,0,1,Train_1815_zyzcb
1255,1609,0,1,0,0,1,Train_1609_rzzbb
1256,1662,0,1,0,0,1,Train_1662_ccyra
1257,905,0,1,0,0,1,Train_905_azcpr
1258,104,0,1,0,0,1,Train_104_prdaz
1259,1028,0,1,0,0,1,Train_1028_xrpqp
1260,645,0,1,0,0,1,Train_645_apzax
1261,602,0,1,0,0,1,Train_602_cpypy
1262,1129,0,1,0,0,1,Train_1129_barab
1263,1050,0,1,0,0,1,Train_1050_pdzpz
1264,1013,0,1,0,0,1,Train_1013_aprbp
1265,231,0,1,0,0,1,Train_231_yxcdd
1266,418,0,1,0,0,1,Train_418_baxbr
1267,1554,0,1,0,0,1,Train_1554_raqbc
1268,1018,0,1,0,0,1,Train_1018_cpbbp
1269,1526,0,1,0,0,1,Train_1526_rdqqx
1270,732,0,1,0,0,1,Train_732_rxyxp
1271,857,0,1,0,0,1,Train_857_czpqd
1272,245,0,1,0,0,1,Train_245_zqppy
1273,535,0,1,0,0,1,Train_535_aqpxy
1274,1369,0,1,0,0,1,Train_1369_aydcz
1275,1454,0,1,0,0,1,Train_1454_pxczd
1276,480,0,1,0,0,1,Train_480_ccrbd
1277,436,0,1,0,0,1,Train_436_acdxa
1278,1046,0,1,0,0,1,Train_1046_pxbqc
1279,395,0,1,0,0,1,Train_395_cdcxc
1280,1494,0,1,0,0,1,Train_1494_rdbaa
1281,493,0,1,0,0,1,Train_493_dccdb
1282,363,0,1,0,0,1,Train_363_bayyd
1283,95,0,1,0,0,1,Train_95_zcrqc
1284,949,0,1,0,0,1,Train_949_prpcq
1285,1780,0,1,0,0,1,Train_1780_arqpc
1286,399,0,1,0,0,1,Train_399_dybay
1287,563,0,1,0,0,1,Train_563_dqyzb
1288,754,0,1,0,0,1,Train_754_dqxab
1289,74,0,1,0,0,1,Train_74_xacca
1290,237,0,1,0,0,1,Train_237_pyqyd
1291,1035,0,1,0,0,1,Train_1035_xbyby
1292,1468,0,1,0,0,1,Train_1468_zqyqx
1293,1664,0,1,0,0,1,Train_1664_brryc
1294,25,0,1,0,0,1,Train_25_pxxpy
1295,1779,0,1,0,0,1,Train_1779_qxcpr
1296,1390,0,1,0,0,1,Train_1390_dyyyq
1297,306,0,1,0,0,1,Train_306_zqqrz
1298,1161,0,1,0,0,1,Train_1161_zqyad
1299,484,0,1,0,0,1,Train_484_pqaar
1300,682,0,1,0,0,1,Train_682_bxcqd
1301,1310,0,1,0,0,1,Train_1310_araca
1302,170,0,1,0,0,1,Train_170_dyypx
1303,1514,0,1,0,0,1,Train_1514_bdyab
1304,1531,0,1,0,0,1,Train_1531_xddaq
1305,6,0,1,0,0,1,Train_6_qrdar
1306,1119,0,1,0,0,1,Train_1119_dqxdp
1307,1708,0,1,0,0,1,Train_1708_bdzpy
1308,391,0,1,0,0,1,Train_391_rrcdb
1309,762,0,1,0,0,1,Train_762_dqcxy
1310,1577,0,1,0,0,1,Train_1577_zcyzz
1311,338,0,1,0,0,1,Train_338_crpyy
1312,1641,0,1,0,0,1,Train_1641_qddcx
1313,1815,0,1,0,0,1,Train_1815_bbzdd
1314,1609,0,1,0,0,1,Train_1609_abbpd
1315,1662,0,1,0,0,1,Train_1662_ccrzb
1316,905,0,1,0,0,1,Train_905_prxac
1317,104,0,1,0,0,1,Train_104_zxapd
1318,1028,0,1,0,0,1,Train_1028_ycqda
1319,645,0,1,0,0,1,Train_645_ybdbr
1320,602,0,1,0,0,1,Train_602_dpaqb
1321,1129,0,1,0,0,1,Train_1129_cyaqa
1322,1050,0,1,0,0,1,Train_1050_cdqxr
1323,1013,0,1,0,0,1,Train_1013_bpdyc
1324,231,0,1,0,0,1,Train_231_pdzdc
1325,418,0,1,0,0,1,Train_418_raxcx
1326,1554,0,1,0,0,1,Train_1554_aappp
1327,1018,0,1,0,0,1,Train_1018_aprca
1328,1526,0,1,0,0,1,Train_1526_aqxap
1329,732,0,1,0,0,1,Train_732_pdzxy
1330,857,0,1,0,0,1,Train_857_dzxbz
1331,245,0,1,0,0,1,Train_245_ddxpp
1332,535,0,1,0,0,1,Train_535_zpdzq
1333,1369,0,1,0,0,1,Train_1369_qaaay
1334,1454,0,1,0,0,1,Train_1454_raayr
1335,480,0,1,0,0,1,Train_480_przcd
1336,436,0,1,0,0,1,Train_436_yzrbc
1337,1046,0,1,0,0,1,Train_1046_cppra
1338,395,0,1,0,0,1,Train_395_zcbxz
1339,1494,0,1,0,0,1,Train_1494_ycxyb
1340,493,0,1,0,0,1,Train_493_bcrad
1341,363,0,1,0,0,1,Train_363_xazcq
1342,95,0,1,0,0,1,Train_95_barzz
1343,949,0,1,0,0,1,Train_949_yxaba
1344,1780,0,1,0,0,1,Train_1780_zqdyd
1345,399,0,1,0,0,1,Train_399_qaydz
1346,563,0,1,0,0,1,Train_563_praqa
1347,754,0,1,0,0,1,Train_754_ycyba
1348,74,0,1,0,0,1,Train_74_dazry
1349,237,0,1,0,0,1,Train_237_ydaac
1350,1035,0,1,0,0,1,Train_1035_qqdrr
1351,1468,0,1,0,0,1,Train_1468_pabqa
1352,1664,0,1,0,0,1,Train_1664_bydcd
1353,25,0,1,0,0,1,Train_25_pqzpy
1354,1779,0,1,0,0,1,Train_1779_zradb
1355,1390,0,1,0,0,1,Train_1390_zayyd
1356,306,0,1,0,0,1,Train_306_zaraz
1357,1161,0,1,0,0,1,Train_1161_xrdzc
1358,484,0,1,0,0,1,Train_484_pqpaa
1359,682,0,1,0,0,1,Train_682_zqpyx
1360,1310,0,1,0,0,1,Train_1310_abyqz
1361,170,0,1,0,0,1,Train_170_qbycq
1362,1514,0,1,0,0,1,Train_1514_qappz
1363,1531,0,1,0,0,1,Train_1531_ddcdx
1364,6,0,1,0,0,1,Train_6_czqar
1365,1119,0,1,0,0,1,Train_1119_xaxzy
1366,1708,0,1,0,0,1,Train_1708_cxbyz
1367,391,0,1,0,0,1,Train_391_aabyd
1368,762,0,1,0,0,1,Train_762_yydqd
1369,1577,0,1,0,0,1,Train_1577_zraxq
1370,338,0,1,0,0,1,Train_338_zrypx
1371,1641,0,1,0,0,1,Train_1641_pxydd
1372,1815,0,1,0,0,1,Train_1815_dzxzc
1373,1609,0,1,0,0,1,Train_1609_aaaar
1374,1662,0,1,0,0,1,Train_1662_dyryq
1375,905,0,1,0,0,1,Train_905_ccbzy
1376,104,0,1,0,0,1,Train_104_rbdaz
1377,1028,0,1,0,0,1,Train_1028_rqydp
1378,645,0,1,0,0,1,Train_645_prbqz
1379,602,0,1,0,0,1,Train_602_ycbbp
1380,1129,0,1,0,0,1,Train_1129_axxda
1381,1050,0,1,0,0,1,Train_1050_zcrxb
1382,1013,0,1,0,0,1,Train_1013_yyrxy
1383,231,0,1,0,0,1,Train_231_xadca
1384,418,0,1,0,0,1,Train_418_xcbcz
1385,1554,0,1,0,0,1,Train_1554_pcxqy
1386,1018,0,1,0,0,1,Train_1018_pyrzd
1387,1526,0,1,0,0,1,Train_1526_adddq
1388,732,0,1,0,0,1,Train_732_pbyyb
1389,857,0,1,0,0,1,Train_857_bdcrc
1390,245,0,1,0,0,1,Train_245_xzqpq
1391,535,0,1,0,0,1,Train_535_brbxb
1392,1369,0,1,0,0,1,Train_1369_adbdy
1393,1454,0,1,0,0,1,Train_1454_qqaxb
1394,480,0,1,0,0,1,Train_480_qxrpb
1395,436,0,1,0,0,1,Train_436_xapra
1396,1046,0,1,0,0,1,Train_1046_zrbyq
1397,395,0,1,0,0,1,Train_395_xxbar
1398,1494,0,1,0,0,1,Train_1494_bayya
1399,493,0,1,0,0,1,Train_493_yyyrc
1400,363,0,1,0,0,1,Train_363_ydpcq
1401,95,0,1,0,0,1,Train_95_ydcpd
1402,949,0,1,0,0,1,Train_949_cpdda
1403,1780,0,1,0,0,1,Train_1780_qyarp
1404,399,0,1,0,0,1,Train_399_cdpdx
1405,563,0,1,0,0,1,Train_563_raczd
1406,754,0,1,0,0,1,Train_754_dzbzr
1407,74,0,1,0,0,1,Train_74_rcdpa
1408,237,0,1,0,0,1,Train_237_czyay
1409,1035,0,1,0,0,1,Train_1035_yxdxz
1410,1468,0,1,0,0,1,Train_1468_cxdda
1411,1664,0,1,0,0,1,Train_1664_zdzac
1412,25,0,1,0,0,1,Train_25_cqbzb
1413,1779,0,1,0,0,1,Train_1779_cqbdr
1414,1390,0,1,0,0,1,Train_1390_cdcqb
1415,306,0,1,0,0,1,Train_306_qcyqd
1416,1161,0,1,0,0,1,Train_1161_bcaar
1417,484,0,1,0,0,1,Train_484_ypazy
1418,682,0,1,0,0,1,Train_682_zzxpy
1419,1310,0,1,0,0,1,Train_1310_bxppc
1420,170,0,1,0,0,1,Train_170_cyyay
1421,1514,0,1,0,0,1,Train_1514_cxqpb
1422,1531,0,1,0,0,1,Train_1531_czxzx
1423,6,0,1,0,0,1,Train_6_bpzba
1424,1119,0,1,0,0,1,Train_1119_qzzxq
1425,1708,0,1,0,0,1,Train_1708_bxrqd
1426,391,0,1,0,0,1,Train_391_zqprb
1427,762,0,1,0,0,1,Train_762_dqqpx
1428,1577,0,1,0,0,1,Train_1577_azcbx
1429,338,0,1,0,0,1,Train_338_qbzca
1430,1641,0,1,0,0,1,Train_1641_axaqq
1431,1815,0,1,0,0,1,Train_1815_rcqaa
1432,1609,0,1,0,0,1,Train_1609_qzyxp
1433,1662,0,1,0,0,1,Train_1662_cxzrd
1434,905,0,1,0,0,1,Train_905_qaazr
1435,104,0,1,0,0,1,Train_104_rcpdz
1436,1028,0,1,0,0,1,Train_1028_rzarc
1437,645,0,1,0,0,1,Train_645_rpdcb
1438,602,0,1,0,0,1,Train_602_yybpq
1439,1129,0,1,0,0,1,Train_1129_yqayr
1440,1050,0,1,0,0,1,Train_1050_bxrry
1441,1013,0,1,0,0,1,Train_1013_byxqd
1442,231,0,1,0,0,1,Train_231_pzxpd
1443,418,0,1,0,0,1,Train_418_qpdzx
1444,1554,0,1,0,0,1,Train_1554_acqpy
1445,1018,0,1,0,0,1,Train_1018_rcccq
1446,1526,0,1,0,0,1,Train_1526_aabca
1447,732,0,1,0,0,1,Train_732_cpxyx
1448,857,0,1,0,0,1,Train_857_crrxp
1449,245,0,1,0,0,1,Train_245_dycby
1450,535,0,1,0,0,1,Train_535_ybcaq
1451,1369,0,1,0,0,1,Train_1369_dzypr
1452,1454,0,1,0,0,1,Train_1454_cabdc
1453,480,0,1,0,0,1,Train_480_zcaxa
1454,436,0,1,0,0,1,Train_436_acbyr
1455,1046,0,1,0,0,1,Train_1046_qrbcx
1456,395,0,1,0,0,1,Train_395_zpbqp
1457,1494,0,1,0,0,1,Train_1494_ydbrc
1458,493,0,1,0,0,1,Train_493_cyybd
