,healthy,multiple_diseases,rust,scab,class,image_id
1017,1,0,0,0,0,Train_1017
1801,0,0,0,1,3,Train_1801
644,1,0,0,0,0,Train_644
1578,0,0,1,0,2,Train_1578
774,1,0,0,0,0,Train_774
917,0,0,0,1,3,Train_917
537,1,0,0,0,0,Train_537
363,0,1,0,0,1,Train_363
1445,0,0,0,1,3,Train_1445
378,1,0,0,0,0,Train_378
1117,1,0,0,0,0,Train_1117
699,0,0,0,1,3,Train_699
217,0,0,0,1,3,Train_217
737,1,0,0,0,0,Train_737
1804,0,0,0,1,3,Train_1804
95,0,1,0,0,1,Train_95
1624,0,0,1,0,2,Train_1624
1675,1,0,0,0,0,Train_1675
678,1,0,0,0,0,Train_678
1672,1,0,0,0,0,Train_1672
949,0,1,0,0,1,Train_949
1595,0,0,1,0,2,Train_1595
1717,0,0,0,1,3,Train_1717
1567,0,0,1,0,2,Train_1567
414,0,0,0,1,3,Train_414
934,1,0,0,0,0,Train_934
197,0,0,0,1,3,Train_197
1276,0,0,0,1,3,Train_1276
1079,1,0,0,0,0,Train_1079
37,0,0,1,0,2,Train_37
1470,0,0,0,1,3,Train_1470
1491,0,0,1,0,2,Train_1491
1185,0,0,1,0,2,Train_1185
1244,0,0,1,0,2,Train_1244
373,1,0,0,0,0,Train_373
477,0,0,0,1,3,Train_477
1059,0,0,0,1,3,Train_1059
203,0,0,0,1,3,Train_203
568,0,0,0,1,3,Train_568
398,0,0,0,1,3,Train_398
1496,1,0,0,0,0,Train_1496
518,0,0,1,0,2,Train_518
1472,0,0,1,0,2,Train_1472
1374,0,0,1,0,2,Train_1374
258,0,0,0,1,3,Train_258
976,0,0,1,0,2,Train_976
1802,0,0,1,0,2,Train_1802
1381,1,0,0,0,0,Train_1381
1780,0,1,0,0,1,Train_1780
637,1,0,0,0,0,Train_637
1354,1,0,0,0,0,Train_1354
914,1,0,0,0,0,Train_914
399,0,1,0,0,1,Train_399
563,0,1,0,0,1,Train_563
1231,0,0,1,0,2,Train_1231
754,0,1,0,0,1,Train_754
1175,0,0,1,0,2,Train_1175
1593,1,0,0,0,0,Train_1593
1797,0,0,1,0,2,Train_1797
74,0,1,0,0,1,Train_74
1130,0,0,0,1,3,Train_1130
379,0,0,0,1,3,Train_379
439,1,0,0,0,0,Train_439
828,0,0,1,0,2,Train_828
902,0,0,0,1,3,Train_902
237,0,1,0,0,1,Train_237
544,1,0,0,0,0,Train_544
726,0,0,1,0,2,Train_726
240,0,0,1,0,2,Train_240
631,0,0,0,1,3,Train_631
1037,0,0,1,0,2,Train_1037
285,0,0,1,0,2,Train_285
961,1,0,0,0,0,Train_961
1225,0,0,1,0,2,Train_1225
839,1,0,0,0,0,Train_839
913,0,0,1,0,2,Train_913
489,0,0,0,1,3,Train_489
235,0,0,0,1,3,Train_235
1512,0,0,1,0,2,Train_1512
830,0,0,1,0,2,Train_830
514,0,0,1,0,2,Train_514
972,0,0,0,1,3,Train_972
159,0,0,1,0,2,Train_159
1695,0,0,1,0,2,Train_1695
136,1,0,0,0,0,Train_136
1327,0,0,1,0,2,Train_1327
1393,0,0,0,1,3,Train_1393
736,0,0,0,1,3,Train_736
224,1,0,0,0,0,Train_224
273,1,0,0,0,0,Train_273
1035,0,1,0,0,1,Train_1035
250,0,0,0,1,3,Train_250
669,0,0,0,1,3,Train_669
72,1,0,0,0,0,Train_72
1537,0,0,0,1,3,Train_1537
34,0,0,1,0,2,Train_34
1406,0,0,1,0,2,Train_1406
1422,0,0,1,0,2,Train_1422
1698,1,0,0,0,0,Train_1698
1251,1,0,0,0,0,Train_1251
1661,1,0,0,0,0,Train_1661
1269,0,0,0,1,3,Train_1269
276,0,0,0,1,3,Train_276
354,0,0,0,1,3,Train_354
262,0,0,0,1,3,Train_262
451,0,0,1,0,2,Train_451
406,1,0,0,0,0,Train_406
851,0,0,0,1,3,Train_851
359,1,0,0,0,0,Train_359
798,0,0,1,0,2,Train_798
874,0,0,1,0,2,Train_874
1187,0,0,1,0,2,Train_1187
28,0,0,0,1,3,Train_28
1287,1,0,0,0,0,Train_1287
656,0,0,1,0,2,Train_656
703,1,0,0,0,0,Train_703
692,0,0,0,1,3,Train_692
1094,0,0,0,1,3,Train_1094
1759,0,0,0,1,3,Train_1759
557,0,0,1,0,2,Train_557
1346,0,0,0,1,3,Train_1346
1468,0,1,0,0,1,Train_1468
552,0,0,0,1,3,Train_552
1559,1,0,0,0,0,Train_1559
1803,1,0,0,0,0,Train_1803
459,0,0,0,1,3,Train_459
547,1,0,0,0,0,Train_547
1164,1,0,0,0,0,Train_1164
1151,1,0,0,0,0,Train_1151
963,1,0,0,0,0,Train_963
1587,1,0,0,0,0,Train_1587
614,0,0,0,1,3,Train_614
1004,1,0,0,0,0,Train_1004
185,0,0,0,1,3,Train_185
1457,1,0,0,0,0,Train_1457
247,1,0,0,0,0,Train_247
719,0,0,1,0,2,Train_719
561,0,0,0,1,3,Train_561
297,0,0,0,1,3,Train_297
808,0,0,0,1,3,Train_808
12,0,0,0,1,3,Train_12
1322,0,0,1,0,2,Train_1322
1814,1,0,0,0,0,Train_1814
1739,0,0,0,1,3,Train_1739
790,0,0,1,0,2,Train_790
985,0,0,1,0,2,Train_985
696,0,0,0,1,3,Train_696
1291,0,0,1,0,2,Train_1291
1776,1,0,0,0,0,Train_1776
1294,0,0,0,1,3,Train_1294
1740,0,0,1,0,2,Train_1740
841,0,0,1,0,2,Train_841
112,0,0,0,1,3,Train_112
1632,0,0,0,1,3,Train_1632
430,1,0,0,0,0,Train_430
1664,0,1,0,0,1,Train_1664
316,0,0,0,1,3,Train_316
1682,1,0,0,0,0,Train_1682
1596,0,0,1,0,2,Train_1596
603,1,0,0,0,0,Train_603
1083,0,0,0,1,3,Train_1083
499,0,0,1,0,2,Train_499
25,0,1,0,0,1,Train_25
899,0,0,0,1,3,Train_899
506,0,0,1,0,2,Train_506
314,0,0,1,0,2,Train_314
303,0,0,0,1,3,Train_303
1321,0,0,1,0,2,Train_1321
1779,0,1,0,0,1,Train_1779
227,1,0,0,0,0,Train_227
889,0,0,1,0,2,Train_889
888,0,0,1,0,2,Train_888
898,0,0,0,1,3,Train_898
475,1,0,0,0,0,Train_475
1101,1,0,0,0,0,Train_1101
178,0,0,1,0,2,Train_178
457,0,0,0,1,3,Train_457
1723,1,0,0,0,0,Train_1723
1771,0,0,1,0,2,Train_1771
223,0,0,1,0,2,Train_223
908,1,0,0,0,0,Train_908
191,0,0,0,1,3,Train_191
1566,0,0,1,0,2,Train_1566
1390,0,1,0,0,1,Train_1390
954,0,0,0,1,3,Train_954
1565,0,0,1,0,2,Train_1565
1492,0,0,1,0,2,Train_1492
60,0,0,1,0,2,Train_60
1772,0,0,1,0,2,Train_1772
520,0,0,0,1,3,Train_520
1805,0,0,1,0,2,Train_1805
1594,0,0,1,0,2,Train_1594
560,0,0,1,0,2,Train_560
1228,0,0,0,1,3,Train_1228
1616,1,0,0,0,0,Train_1616
1339,0,0,0,1,3,Train_1339
89,0,0,1,0,2,Train_89
234,0,0,0,1,3,Train_234
623,0,0,1,0,2,Train_623
519,0,0,1,0,2,Train_519
358,0,0,0,1,3,Train_358
106,0,0,0,1,3,Train_106
341,0,0,1,0,2,Train_341
1040,0,0,1,0,2,Train_1040
1329,0,0,0,1,3,Train_1329
469,0,0,1,0,2,Train_469
1746,0,0,1,0,2,Train_1746
320,1,0,0,0,0,Train_320
492,0,0,1,0,2,Train_492
1395,0,0,0,1,3,Train_1395
1082,1,0,0,0,0,Train_1082
282,1,0,0,0,0,Train_282
306,0,1,0,0,1,Train_306
551,1,0,0,0,0,Train_551
1211,0,0,0,1,3,Train_1211
681,0,0,0,1,3,Train_681
3,0,0,1,0,2,Train_3
1793,0,0,0,1,3,Train_1793
1143,0,0,0,1,3,Train_1143
1248,1,0,0,0,0,Train_1248
818,0,0,0,1,3,Train_818
840,0,0,1,0,2,Train_840
1161,0,1,0,0,1,Train_1161
787,0,0,0,1,3,Train_787
1747,0,0,0,1,3,Train_1747
960,1,0,0,0,0,Train_960
177,0,0,0,1,3,Train_177
220,1,0,0,0,0,Train_220
977,1,0,0,0,0,Train_977
510,0,0,1,0,2,Train_510
1696,0,0,0,1,3,Train_1696
575,0,0,1,0,2,Train_575
1307,0,0,1,0,2,Train_1307
1429,0,0,0,1,3,Train_1429
256,0,0,0,1,3,Train_256
1533,1,0,0,0,0,Train_1533
1032,0,0,0,1,3,Train_1032
1221,0,0,0,1,3,Train_1221
1534,0,0,0,1,3,Train_1534
731,1,0,0,0,0,Train_731
1293,0,0,0,1,3,Train_1293
508,0,0,1,0,2,Train_508
766,0,0,1,0,2,Train_766
836,0,0,1,0,2,Train_836
1331,0,0,0,1,3,Train_1331
633,0,0,1,0,2,Train_633
1063,0,0,1,0,2,Train_1063
1123,1,0,0,0,0,Train_1123
515,0,0,1,0,2,Train_515
700,0,0,1,0,2,Train_700
1160,1,0,0,0,0,Train_1160
689,0,0,1,0,2,Train_689
941,0,0,0,1,3,Train_941
271,1,0,0,0,0,Train_271
777,1,0,0,0,0,Train_777
604,0,0,0,1,3,Train_604
498,0,0,0,1,3,Train_498
1308,0,0,0,1,3,Train_1308
45,0,0,1,0,2,Train_45
156,0,0,1,0,2,Train_156
29,0,0,0,1,3,Train_29
370,0,0,0,1,3,Train_370
1633,1,0,0,0,0,Train_1633
408,0,0,1,0,2,Train_408
1034,1,0,0,0,0,Train_1034
1557,1,0,0,0,0,Train_1557
1667,1,0,0,0,0,Train_1667
687,0,0,1,0,2,Train_687
1319,0,0,1,0,2,Train_1319
1070,0,0,1,0,2,Train_1070
1178,0,0,0,1,3,Train_1178
1061,0,0,0,1,3,Train_1061
1535,0,0,1,0,2,Train_1535
464,0,0,1,0,2,Train_464
397,1,0,0,0,0,Train_397
566,1,0,0,0,0,Train_566
1154,0,0,1,0,2,Train_1154
189,0,0,0,1,3,Train_189
1298,0,0,0,1,3,Train_1298
1725,0,0,1,0,2,Train_1725
1073,0,0,1,0,2,Train_1073
222,0,0,0,1,3,Train_222
1171,1,0,0,0,0,Train_1171
1286,1,0,0,0,0,Train_1286
1111,0,0,1,0,2,Train_1111
759,0,0,1,0,2,Train_759
425,1,0,0,0,0,Train_425
554,0,0,1,0,2,Train_554
1350,0,0,0,1,3,Train_1350
1678,0,0,1,0,2,Train_1678
1273,0,0,0,1,3,Train_1273
816,0,0,1,0,2,Train_816
1317,0,0,0,1,3,Train_1317
70,1,0,0,0,0,Train_70
1214,1,0,0,0,0,Train_1214
1799,1,0,0,0,0,Train_1799
1019,0,0,1,0,2,Train_1019
1253,0,0,1,0,2,Train_1253
1516,0,0,1,0,2,Train_1516
825,0,0,1,0,2,Train_825
1484,0,0,0,1,3,Train_1484
1113,0,0,1,0,2,Train_1113
484,0,1,0,0,1,Train_484
682,0,1,0,0,1,Train_682
819,0,0,0,1,3,Train_819
900,0,0,1,0,2,Train_900
1754,0,0,0,1,3,Train_1754
1026,0,0,0,1,3,Train_1026
1310,0,1,0,0,1,Train_1310
1419,0,0,0,1,3,Train_1419
301,0,0,1,0,2,Train_301
170,0,1,0,0,1,Train_170
1105,0,0,1,0,2,Train_1105
1514,0,1,0,0,1,Train_1514
1328,1,0,0,0,0,Train_1328
1611,1,0,0,0,0,Train_1611
334,0,0,1,0,2,Train_334
605,1,0,0,0,0,Train_605
879,0,0,0,1,3,Train_879
717,0,0,0,1,3,Train_717
507,0,0,1,0,2,Train_507
1226,0,0,0,1,3,Train_1226
1368,1,0,0,0,0,Train_1368
1015,0,0,0,1,3,Train_1015
1077,0,0,0,1,3,Train_1077
1770,1,0,0,0,0,Train_1770
380,1,0,0,0,0,Train_380
355,0,0,0,1,3,Train_355
8,0,0,0,1,3,Train_8
706,0,0,1,0,2,Train_706
1051,0,0,1,0,2,Train_1051
721,0,0,0,1,3,Train_721
472,0,0,1,0,2,Train_472
1530,1,0,0,0,0,Train_1530
1744,0,0,0,1,3,Train_1744
333,0,0,1,0,2,Train_333
249,1,0,0,0,0,Train_249
0,0,0,0,1,3,Train_0
164,0,0,1,0,2,Train_164
785,0,0,0,1,3,Train_785
932,0,0,0,1,3,Train_932
1773,0,0,1,0,2,Train_1773
1576,0,0,1,0,2,Train_1576
144,1,0,0,0,0,Train_144
809,1,0,0,0,0,Train_809
1497,1,0,0,0,0,Train_1497
1544,0,0,0,1,3,Train_1544
1420,1,0,0,0,0,Train_1420
415,1,0,0,0,0,Train_415
885,1,0,0,0,0,Train_885
1579,0,0,1,0,2,Train_1579
347,0,0,1,0,2,Train_347
691,1,0,0,0,0,Train_691
1525,0,0,1,0,2,Train_1525
1531,0,1,0,0,1,Train_1531
77,1,0,0,0,0,Train_77
441,0,0,1,0,2,Train_441
906,0,0,0,1,3,Train_906
1315,0,0,0,1,3,Train_1315
673,0,0,0,1,3,Train_673
1444,0,0,0,1,3,Train_1444
957,0,0,1,0,2,Train_957
1585,1,0,0,0,0,Train_1585
530,0,0,0,1,3,Train_530
964,0,0,0,1,3,Train_964
1000,0,0,1,0,2,Train_1000
1734,1,0,0,0,0,Train_1734
1348,1,0,0,0,0,Train_1348
1425,0,0,1,0,2,Train_1425
1546,1,0,0,0,0,Train_1546
1361,0,0,0,1,3,Train_1361
773,1,0,0,0,0,Train_773
2,1,0,0,0,0,Train_2
1727,0,0,0,1,3,Train_1727
1640,0,0,1,0,2,Train_1640
538,0,0,0,1,3,Train_538
1724,1,0,0,0,0,Train_1724
53,1,0,0,0,0,Train_53
593,0,0,0,1,3,Train_593
55,1,0,0,0,0,Train_55
992,0,0,0,1,3,Train_992
861,0,0,0,1,3,Train_861
1254,1,0,0,0,0,Train_1254
671,1,0,0,0,0,Train_671
795,0,0,0,1,3,Train_795
1289,1,0,0,0,0,Train_1289
1243,0,0,0,1,3,Train_1243
1099,0,0,0,1,3,Train_1099
1009,0,0,0,1,3,Train_1009
955,0,0,0,1,3,Train_955
984,0,0,0,1,3,Train_984
1763,0,0,1,0,2,Train_1763
967,0,0,0,1,3,Train_967
6,0,1,0,0,1,Train_6
1155,0,0,0,1,3,Train_1155
1179,0,0,1,0,2,Train_1179
1119,0,1,0,0,1,Train_1119
1716,0,0,0,1,3,Train_1716
658,0,0,0,1,3,Train_658
1673,0,0,0,1,3,Train_1673
834,1,0,0,0,0,Train_834
1159,1,0,0,0,0,Train_1159
371,0,0,1,0,2,Train_371
252,0,0,0,1,3,Train_252
1010,0,0,0,1,3,Train_1010
275,0,0,1,0,2,Train_275
768,1,0,0,0,0,Train_768
1065,0,0,0,1,3,Train_1065
331,0,0,1,0,2,Train_331
445,0,0,1,0,2,Train_445
1334,0,0,0,1,3,Train_1334
329,1,0,0,0,0,Train_329
443,1,0,0,0,0,Train_443
225,0,0,1,0,2,Train_225
259,0,0,1,0,2,Train_259
1312,0,0,0,1,3,Train_1312
597,1,0,0,0,0,Train_597
165,0,0,1,0,2,Train_165
51,0,0,0,1,3,Train_51
638,0,0,0,1,3,Train_638
1357,1,0,0,0,0,Train_1357
385,0,0,1,0,2,Train_385
466,1,0,0,0,0,Train_466
1023,0,0,1,0,2,Train_1023
1670,1,0,0,0,0,Train_1670
1372,1,0,0,0,0,Train_1372
555,0,0,0,1,3,Train_555
481,0,0,1,0,2,Train_481
1807,1,0,0,0,0,Train_1807
1122,0,0,1,0,2,Train_1122
831,0,0,0,1,3,Train_831
442,0,0,0,1,3,Train_442
1049,0,0,0,1,3,Train_1049
496,1,0,0,0,0,Train_496
697,0,0,1,0,2,Train_697
686,0,0,0,1,3,Train_686
81,0,0,1,0,2,Train_81
11,0,0,0,1,3,Train_11
800,1,0,0,0,0,Train_800
867,0,0,1,0,2,Train_867
880,1,0,0,0,0,Train_880
1556,1,0,0,0,0,Train_1556
294,0,0,1,0,2,Train_294
707,0,0,1,0,2,Train_707
1232,0,0,0,1,3,Train_1232
1443,0,0,1,0,2,Train_1443
1653,1,0,0,0,0,Train_1653
1207,0,0,1,0,2,Train_1207
181,0,0,1,0,2,Train_181
1474,1,0,0,0,0,Train_1474
127,0,0,0,1,3,Train_127
993,0,0,0,1,3,Train_993
1460,0,0,0,1,3,Train_1460
1599,0,0,1,0,2,Train_1599
38,0,0,1,0,2,Train_38
1447,1,0,0,0,0,Train_1447
987,0,0,1,0,2,Train_987
1030,0,0,1,0,2,Train_1030
340,0,0,1,0,2,Train_340
299,0,0,1,0,2,Train_299
27,0,0,0,1,3,Train_27
1708,0,1,0,0,1,Train_1708
676,1,0,0,0,0,Train_676
1440,1,0,0,0,0,Train_1440
1794,1,0,0,0,0,Train_1794
1203,0,0,0,1,3,Train_1203
1448,0,0,0,1,3,Train_1448
412,1,0,0,0,0,Train_412
391,0,1,0,0,1,Train_391
206,0,0,1,0,2,Train_206
1669,1,0,0,0,0,Train_1669
114,0,0,1,0,2,Train_114
277,0,0,1,0,2,Train_277
182,0,0,0,1,3,Train_182
194,0,0,1,0,2,Train_194
1677,0,0,1,0,2,Train_1677
1403,0,0,0,1,3,Train_1403
327,0,0,1,0,2,Train_327
1233,0,0,1,0,2,Train_1233
516,0,0,1,0,2,Train_516
263,1,0,0,0,0,Train_263
762,0,1,0,0,1,Train_762
1686,0,0,1,0,2,Train_1686
32,0,0,0,1,3,Train_32
1745,0,0,1,0,2,Train_1745
179,1,0,0,0,0,Train_179
1003,0,0,0,1,3,Train_1003
882,1,0,0,0,0,Train_882
421,1,0,0,0,0,Train_421
300,1,0,0,0,0,Train_300
251,0,0,0,1,3,Train_251
951,1,0,0,0,0,Train_951
233,0,0,1,0,2,Train_233
1634,1,0,0,0,0,Train_1634
193,0,0,1,0,2,Train_193
133,0,0,1,0,2,Train_133
598,0,0,1,0,2,Train_598
923,1,0,0,0,0,Train_923
1645,0,0,0,1,3,Train_1645
953,1,0,0,0,0,Train_953
315,0,0,0,1,3,Train_315
1136,0,0,0,1,3,Train_1136
1790,0,0,1,0,2,Train_1790
368,0,0,1,0,2,Train_368
572,1,0,0,0,0,Train_572
110,0,0,0,1,3,Train_110
1045,0,0,0,1,3,Train_1045
361,0,0,0,1,3,Train_361
1735,1,0,0,0,0,Train_1735
479,0,0,1,0,2,Train_479
204,0,0,0,1,3,Train_204
1473,0,0,0,1,3,Train_1473
1156,0,0,0,1,3,Train_1156
7,0,0,0,1,3,Train_7
1039,1,0,0,0,0,Train_1039
654,0,0,1,0,2,Train_654
115,0,0,1,0,2,Train_115
1157,0,0,0,1,3,Train_1157
569,1,0,0,0,0,Train_569
1239,1,0,0,0,0,Train_1239
1332,0,0,1,0,2,Train_1332
284,0,0,1,0,2,Train_284
1311,0,0,1,0,2,Train_1311
50,0,0,1,0,2,Train_50
1785,0,0,1,0,2,Train_1785
1577,0,1,0,0,1,Train_1577
528,0,0,0,1,3,Train_528
1791,0,0,1,0,2,Train_1791
745,0,0,1,0,2,Train_745
1743,0,0,1,0,2,Train_1743
1202,0,0,0,1,3,Train_1202
427,1,0,0,0,0,Train_427
1550,0,0,0,1,3,Train_1550
85,0,0,0,1,3,Train_85
214,0,0,0,1,3,Train_214
501,0,0,1,0,2,Train_501
99,1,0,0,0,0,Train_99
812,1,0,0,0,0,Train_812
1552,1,0,0,0,0,Train_1552
1684,0,0,1,0,2,Train_1684
1506,0,0,0,1,3,Train_1506
79,0,0,0,1,3,Train_79
926,0,0,0,1,3,Train_926
1622,0,0,0,1,3,Train_1622
107,0,0,0,1,3,Train_107
1324,0,0,1,0,2,Train_1324
209,0,0,0,1,3,Train_209
1541,1,0,0,0,0,Train_1541
1607,0,0,1,0,2,Train_1607
1519,0,0,0,1,3,Train_1519
420,1,0,0,0,0,Train_420
1758,0,0,0,1,3,Train_1758
1288,0,0,0,1,3,Train_1288
1345,0,0,0,1,3,Train_1345
1247,1,0,0,0,0,Train_1247
628,0,0,0,1,3,Train_628
338,0,1,0,0,1,Train_338
757,0,0,0,1,3,Train_757
1186,1,0,0,0,0,Train_1186
58,0,0,1,0,2,Train_58
525,1,0,0,0,0,Train_525
452,1,0,0,0,0,Train_452
124,0,0,1,0,2,Train_124
1639,0,0,0,1,3,Train_1639
866,1,0,0,0,0,Train_866
268,0,0,0,1,3,Train_268
96,0,0,1,0,2,Train_96
672,0,0,1,0,2,Train_672
1258,0,0,0,1,3,Train_1258
1641,0,1,0,0,1,Train_1641
980,1,0,0,0,0,Train_980
1583,1,0,0,0,0,Train_1583
1689,0,0,1,0,2,Train_1689
438,1,0,0,0,0,Train_438
1409,0,0,1,0,2,Train_1409
1722,0,0,1,0,2,Train_1722
1305,0,0,0,1,3,Train_1305
624,0,0,0,1,3,Train_624
1025,0,0,0,1,3,Train_1025
909,1,0,0,0,0,Train_909
332,0,0,0,1,3,Train_332
145,0,0,0,1,3,Train_145
1792,0,0,1,0,2,Train_1792
1340,0,0,1,0,2,Train_1340
1199,1,0,0,0,0,Train_1199
1597,1,0,0,0,0,Train_1597
1379,0,0,1,0,2,Train_1379
433,1,0,0,0,0,Train_433
511,0,0,1,0,2,Train_511
1098,0,0,0,1,3,Train_1098
1370,0,0,1,0,2,Train_1370
1815,0,1,0,0,1,Train_1815
390,0,0,1,0,2,Train_390
1766,0,0,1,0,2,Train_1766
253,0,0,0,1,3,Train_253
1810,1,0,0,0,0,Train_1810
931,0,0,1,0,2,Train_931
500,0,0,1,0,2,Train_500
1190,0,0,0,1,3,Train_1190
978,0,0,1,0,2,Train_978
871,0,0,0,1,3,Train_871
1191,0,0,1,0,2,Train_1191
820,0,0,0,1,3,Train_820
1261,1,0,0,0,0,Train_1261
1774,1,0,0,0,0,Train_1774
532,1,0,0,0,0,Train_532
319,0,0,0,1,3,Train_319
254,0,0,1,0,2,Train_254
108,0,0,1,0,2,Train_108
894,0,0,0,1,3,Train_894
524,0,0,0,1,3,Train_524
1630,0,0,1,0,2,Train_1630
19,0,0,0,1,3,Train_19
10,0,0,1,0,2,Train_10
292,0,0,0,1,3,Train_292
1375,0,0,0,1,3,Train_1375
536,0,0,1,0,2,Train_536
975,0,0,1,0,2,Train_975
1282,1,0,0,0,0,Train_1282
1306,1,0,0,0,0,Train_1306
1539,1,0,0,0,0,Train_1539
152,0,0,0,1,3,Train_152
1397,1,0,0,0,0,Train_1397
1522,0,0,0,1,3,Train_1522
770,0,0,0,1,3,Train_770
574,0,0,1,0,2,Train_574
141,0,0,1,0,2,Train_141
1349,1,0,0,0,0,Train_1349
318,0,0,1,0,2,Train_318
497,0,0,1,0,2,Train_497
1609,0,1,0,0,1,Train_1609
1006,0,0,0,1,3,Train_1006
366,1,0,0,0,0,Train_366
1031,1,0,0,0,0,Train_1031
1176,1,0,0,0,0,Train_1176
1102,0,0,1,0,2,Train_1102
582,0,0,1,0,2,Train_582
521,0,0,0,1,3,Train_521
556,0,0,0,1,3,Train_556
1118,0,0,1,0,2,Train_1118
994,0,0,0,1,3,Train_994
890,1,0,0,0,0,Train_890
918,1,0,0,0,0,Train_918
1629,0,0,1,0,2,Train_1629
121,0,0,1,0,2,Train_121
432,1,0,0,0,0,Train_432
172,0,0,0,1,3,Train_172
884,0,0,1,0,2,Train_884
1662,0,1,0,0,1,Train_1662
997,0,0,0,1,3,Train_997
150,0,0,0,1,3,Train_150
1476,1,0,0,0,0,Train_1476
1380,1,0,0,0,0,Train_1380
309,0,0,0,1,3,Train_309
896,1,0,0,0,0,Train_896
92,0,0,1,0,2,Train_92
1364,0,0,1,0,2,Train_1364
200,0,0,0,1,3,Train_200
823,0,0,0,1,3,Train_823
1464,0,0,0,1,3,Train_1464
647,0,0,1,0,2,Train_647
1196,0,0,1,0,2,Train_1196
1603,0,0,1,0,2,Train_1603
69,0,0,1,0,2,Train_69
833,1,0,0,0,0,Train_833
1671,0,0,1,0,2,Train_1671
1132,0,0,0,1,3,Train_1132
1679,0,0,1,0,2,Train_1679
690,0,0,1,0,2,Train_690
1127,0,0,0,1,3,Train_1127
116,0,0,0,1,3,Train_116
325,0,0,0,1,3,Train_325
244,0,0,1,0,2,Train_244
601,1,0,0,0,0,Train_601
278,1,0,0,0,0,Train_278
1656,1,0,0,0,0,Train_1656
939,1,0,0,0,0,Train_939
526,1,0,0,0,0,Train_526
998,0,0,0,1,3,Train_998
621,1,0,0,0,0,Train_621
1619,0,0,0,1,3,Train_1619
709,0,0,0,1,3,Train_709
856,0,0,0,1,3,Train_856
126,0,0,1,0,2,Train_126
666,0,0,1,0,2,Train_666
143,0,0,0,1,3,Train_143
1714,0,0,1,0,2,Train_1714
1316,0,0,1,0,2,Train_1316
832,0,0,1,0,2,Train_832
905,0,1,0,0,1,Train_905
435,0,0,1,0,2,Train_435
59,0,0,1,0,2,Train_59
1029,0,0,1,0,2,Train_1029
1290,0,0,1,0,2,Train_1290
1131,1,0,0,0,0,Train_1131
1043,1,0,0,0,0,Train_1043
1200,0,0,1,0,2,Train_1200
411,0,0,1,0,2,Train_411
342,0,0,1,0,2,Train_342
1182,0,0,0,1,3,Train_1182
848,0,0,1,0,2,Train_848
1104,0,0,0,1,3,Train_1104
1135,0,0,0,1,3,Train_1135
1411,0,0,0,1,3,Train_1411
1229,0,0,1,0,2,Train_1229
491,1,0,0,0,0,Train_491
1540,0,0,1,0,2,Train_1540
104,0,1,0,0,1,Train_104
78,0,0,0,1,3,Train_78
712,0,0,1,0,2,Train_712
1704,0,0,0,1,3,Train_1704
1459,1,0,0,0,0,Train_1459
1674,0,0,1,0,2,Train_1674
843,0,0,1,0,2,Train_843
1528,1,0,0,0,0,Train_1528
1438,1,0,0,0,0,Train_1438
1378,0,0,1,0,2,Train_1378
887,1,0,0,0,0,Train_887
473,0,0,0,1,3,Train_473
1028,0,1,0,0,1,Train_1028
667,0,0,1,0,2,Train_667
192,0,0,0,1,3,Train_192
1719,0,0,0,1,3,Train_1719
261,1,0,0,0,0,Train_261
675,1,0,0,0,0,Train_675
453,0,0,1,0,2,Train_453
1709,0,0,1,0,2,Train_1709
942,1,0,0,0,0,Train_942
1150,0,0,1,0,2,Train_1150
307,1,0,0,0,0,Train_307
1508,1,0,0,0,0,Train_1508
701,1,0,0,0,0,Train_701
458,0,0,1,0,2,Train_458
540,0,0,0,1,3,Train_540
645,0,1,0,0,1,Train_645
1008,0,0,0,1,3,Train_1008
350,0,0,1,0,2,Train_350
1638,0,0,0,1,3,Train_1638
1479,1,0,0,0,0,Train_1479
513,0,0,1,0,2,Train_513
422,0,0,1,0,2,Train_422
1555,1,0,0,0,0,Train_1555
746,1,0,0,0,0,Train_746
767,0,0,1,0,2,Train_767
718,0,0,1,0,2,Train_718
1355,1,0,0,0,0,Train_1355
1210,1,0,0,0,0,Train_1210
1614,1,0,0,0,0,Train_1614
602,0,1,0,0,1,Train_602
581,0,0,0,1,3,Train_581
228,0,0,1,0,2,Train_228
1423,0,0,1,0,2,Train_1423
175,1,0,0,0,0,Train_175
321,0,0,1,0,2,Train_321
1255,0,0,1,0,2,Train_1255
1657,0,0,1,0,2,Train_1657
1688,0,0,0,1,3,Train_1688
1129,0,1,0,0,1,Train_1129
1341,1,0,0,0,0,Train_1341
512,0,0,1,0,2,Train_512
789,0,0,1,0,2,Train_789
1249,0,0,0,1,3,Train_1249
881,1,0,0,0,0,Train_881
1050,0,1,0,0,1,Train_1050
429,0,0,0,1,3,Train_429
109,0,0,1,0,2,Train_109
1277,1,0,0,0,0,Train_1277
869,0,0,0,1,3,Train_869
1314,0,0,1,0,2,Train_1314
1337,0,0,0,1,3,Train_1337
822,0,0,1,0,2,Train_822
844,0,0,0,1,3,Train_844
1013,0,1,0,0,1,Train_1013
231,0,1,0,0,1,Train_231
49,0,0,0,1,3,Train_49
75,0,0,1,0,2,Train_75
1167,0,0,0,1,3,Train_1167
470,0,0,0,1,3,Train_470
639,0,0,1,0,2,Train_639
1318,0,0,1,0,2,Train_1318
1217,0,0,0,1,3,Train_1217
1482,1,0,0,0,0,Train_1482
1259,0,0,0,1,3,Train_1259
872,1,0,0,0,0,Train_872
1545,0,0,1,0,2,Train_1545
265,1,0,0,0,0,Train_265
858,0,0,0,1,3,Train_858
1177,0,0,1,0,2,Train_1177
1320,0,0,1,0,2,Train_1320
1281,0,0,0,1,3,Train_1281
1153,1,0,0,0,0,Train_1153
1044,1,0,0,0,0,Train_1044
588,0,0,1,0,2,Train_588
1574,0,0,1,0,2,Train_1574
488,1,0,0,0,0,Train_488
1548,1,0,0,0,0,Train_1548
534,0,0,1,0,2,Train_534
91,0,0,0,1,3,Train_91
1742,0,0,0,1,3,Train_1742
291,1,0,0,0,0,Train_291
1663,1,0,0,0,0,Train_1663
167,1,0,0,0,0,Train_167
1260,0,0,1,0,2,Train_1260
1108,0,0,1,0,2,Train_1108
1718,0,0,1,0,2,Train_1718
959,1,0,0,0,0,Train_959
142,0,0,0,1,3,Train_142
854,0,0,0,1,3,Train_854
1426,1,0,0,0,0,Train_1426
1047,1,0,0,0,0,Train_1047
1527,0,0,1,0,2,Train_1527
1543,0,0,0,1,3,Train_1543
750,0,0,1,0,2,Train_750
577,0,0,1,0,2,Train_577
1323,0,0,0,1,3,Train_1323
46,1,0,0,0,0,Train_46
1054,1,0,0,0,0,Train_1054
636,0,0,0,1,3,Train_636
147,0,0,0,1,3,Train_147
1376,0,0,1,0,2,Train_1376
1353,0,0,0,1,3,Train_1353
1240,1,0,0,0,0,Train_1240
394,0,0,1,0,2,Train_394
730,1,0,0,0,0,Train_730
670,0,0,1,0,2,Train_670
813,0,0,0,1,3,Train_813
1446,0,0,1,0,2,Train_1446
659,0,0,0,1,3,Train_659
1246,0,0,0,1,3,Train_1246
1788,0,0,1,0,2,Train_1788
651,0,0,0,1,3,Train_651
799,0,0,1,0,2,Train_799
945,0,0,1,0,2,Train_945
1756,0,0,0,1,3,Train_1756
548,0,0,0,1,3,Train_548
550,1,0,0,0,0,Train_550
683,0,0,1,0,2,Train_683
965,0,0,1,0,2,Train_965
1486,0,0,1,0,2,Train_1486
42,0,0,0,1,3,Train_42
1092,1,0,0,0,0,Train_1092
57,0,0,1,0,2,Train_57
418,0,1,0,0,1,Train_418
1386,1,0,0,0,0,Train_1386
929,1,0,0,0,0,Train_929
1554,0,1,0,0,1,Train_1554
576,0,0,0,1,3,Train_576
444,1,0,0,0,0,Train_444
1304,1,0,0,0,0,Train_1304
103,1,0,0,0,0,Train_103
1726,0,0,1,0,2,Train_1726
943,0,0,0,1,3,Train_943
916,0,0,1,0,2,Train_916
642,1,0,0,0,0,Train_642
213,1,0,0,0,0,Train_213
705,0,0,1,0,2,Train_705
661,0,0,0,1,3,Train_661
1755,0,0,1,0,2,Train_1755
1062,0,0,0,1,3,Train_1062
1018,0,1,0,0,1,Train_1018
174,1,0,0,0,0,Train_174
1080,1,0,0,0,0,Train_1080
968,1,0,0,0,0,Train_968
1095,0,0,0,1,3,Train_1095
1612,1,0,0,0,0,Train_1612
171,0,0,1,0,2,Train_171
1561,0,0,1,0,2,Train_1561
1589,0,0,0,1,3,Train_1589
1586,0,0,0,1,3,Train_1586
1069,0,0,1,0,2,Train_1069
1699,0,0,1,0,2,Train_1699
1193,1,0,0,0,0,Train_1193
758,0,0,0,1,3,Train_758
1702,0,0,0,1,3,Train_1702
1489,1,0,0,0,0,Train_1489
1526,0,1,0,0,1,Train_1526
349,0,0,0,1,3,Train_349
1466,1,0,0,0,0,Train_1466
1781,1,0,0,0,0,Train_1781
1635,1,0,0,0,0,Train_1635
618,1,0,0,0,0,Train_618
933,0,0,0,1,3,Train_933
694,1,0,0,0,0,Train_694
1090,0,0,0,1,3,Train_1090
1475,0,0,1,0,2,Train_1475
426,0,0,1,0,2,Train_426
166,0,0,0,1,3,Train_166
14,0,0,1,0,2,Train_14
529,1,0,0,0,0,Train_529
1477,1,0,0,0,0,Train_1477
140,0,0,0,1,3,Train_140
1483,0,0,0,1,3,Train_1483
1272,0,0,1,0,2,Train_1272
1705,0,0,0,1,3,Train_1705
1749,0,0,1,0,2,Train_1749
1551,0,0,1,0,2,Train_1551
716,0,0,0,1,3,Train_716
732,0,1,0,0,1,Train_732
1002,1,0,0,0,0,Train_1002
1267,0,0,1,0,2,Train_1267
1428,0,0,1,0,2,Train_1428
1542,0,0,0,1,3,Train_1542
1347,1,0,0,0,0,Train_1347
1057,0,0,1,0,2,Train_1057
1392,1,0,0,0,0,Train_1392
465,0,0,1,0,2,Train_465
184,0,0,1,0,2,Train_184
1401,0,0,0,1,3,Train_1401
146,1,0,0,0,0,Train_146
52,0,0,0,1,3,Train_52
153,0,0,0,1,3,Train_153
744,0,0,1,0,2,Train_744
215,1,0,0,0,0,Train_215
308,0,0,0,1,3,Train_308
403,0,0,1,0,2,Train_403
296,0,0,0,1,3,Train_296
850,1,0,0,0,0,Train_850
1598,1,0,0,0,0,Train_1598
930,0,0,0,1,3,Train_930
590,0,0,1,0,2,Train_590
117,0,0,1,0,2,Train_117
186,0,0,0,1,3,Train_186
372,0,0,0,1,3,Train_372
281,0,0,0,1,3,Train_281
335,1,0,0,0,0,Train_335
1700,0,0,0,1,3,Train_1700
857,0,1,0,0,1,Train_857
1418,0,0,1,0,2,Train_1418
1513,1,0,0,0,0,Train_1513
769,1,0,0,0,0,Train_769
1782,1,0,0,0,0,Train_1782
1396,1,0,0,0,0,Train_1396
1643,0,0,0,1,3,Train_1643
579,1,0,0,0,0,Train_579
1503,0,0,0,1,3,Train_1503
542,0,0,1,0,2,Train_542
948,1,0,0,0,0,Train_948
245,0,1,0,0,1,Train_245
345,0,0,1,0,2,Train_345
304,1,0,0,0,0,Train_304
610,0,0,1,0,2,Train_610
876,0,0,1,0,2,Train_876
632,0,0,1,0,2,Train_632
242,0,0,0,1,3,Train_242
535,0,1,0,0,1,Train_535
201,1,0,0,0,0,Train_201
733,0,0,0,1,3,Train_733
1338,0,0,0,1,3,Train_1338
90,1,0,0,0,0,Train_90
1388,1,0,0,0,0,Train_1388
1394,0,0,1,0,2,Train_1394
779,0,0,1,0,2,Train_779
1731,1,0,0,0,0,Train_1731
1812,0,0,0,1,3,Train_1812
1608,1,0,0,0,0,Train_1608
962,0,0,1,0,2,Train_962
1416,0,0,0,1,3,Train_1416
1351,0,0,1,0,2,Train_1351
1152,0,0,0,1,3,Train_1152
1283,0,0,1,0,2,Train_1283
1278,0,0,0,1,3,Train_1278
1058,1,0,0,0,0,Train_1058
999,0,0,1,0,2,Train_999
1081,0,0,1,0,2,Train_1081
1456,0,0,0,1,3,Train_1456
1369,0,1,0,0,1,Train_1369
1206,0,0,1,0,2,Train_1206
1284,0,0,1,0,2,Train_1284
461,0,0,1,0,2,Train_461
1263,0,0,1,0,2,Train_1263
573,1,0,0,0,0,Train_573
564,0,0,1,0,2,Train_564
1078,0,0,1,0,2,Train_1078
1454,0,1,0,0,1,Train_1454
883,0,0,0,1,3,Train_883
807,1,0,0,0,0,Train_807
1571,0,0,1,0,2,Train_1571
402,0,0,1,0,2,Train_402
352,0,0,0,1,3,Train_352
796,0,0,1,0,2,Train_796
1529,0,0,0,1,3,Train_1529
1146,1,0,0,0,0,Train_1146
76,0,0,0,1,3,Train_76
791,1,0,0,0,0,Train_791
15,0,0,1,0,2,Train_15
599,0,0,0,1,3,Train_599
1495,0,0,0,1,3,Train_1495
376,1,0,0,0,0,Train_376
826,1,0,0,0,0,Train_826
1701,0,0,0,1,3,Train_1701
1133,1,0,0,0,0,Train_1133
950,0,0,1,0,2,Train_950
1592,0,0,1,0,2,Train_1592
66,1,0,0,0,0,Train_66
1209,0,0,0,1,3,Train_1209
1520,0,0,0,1,3,Train_1520
1100,0,0,0,1,3,Train_1100
783,0,0,0,1,3,Train_783
531,1,0,0,0,0,Train_531
786,1,0,0,0,0,Train_786
1053,0,0,1,0,2,Train_1053
1292,0,0,1,0,2,Train_1292
527,0,0,0,1,3,Train_527
1056,0,0,0,1,3,Train_1056
1690,0,0,0,1,3,Train_1690
1806,0,0,0,1,3,Train_1806
317,1,0,0,0,0,Train_317
279,0,0,1,0,2,Train_279
989,1,0,0,0,0,Train_989
134,1,0,0,0,0,Train_134
434,0,0,1,0,2,Train_434
558,1,0,0,0,0,Train_558
1507,0,0,0,1,3,Train_1507
423,0,0,0,1,3,Train_423
1504,1,0,0,0,0,Train_1504
87,0,0,1,0,2,Train_87
1384,0,0,0,1,3,Train_1384
288,0,0,1,0,2,Train_288
283,0,0,0,1,3,Train_283
480,0,1,0,0,1,Train_480
1753,0,0,1,0,2,Train_1753
1096,0,0,1,0,2,Train_1096
1687,1,0,0,0,0,Train_1687
753,1,0,0,0,0,Train_753
1453,0,0,1,0,2,Train_1453
1644,0,0,1,0,2,Train_1644
821,0,0,1,0,2,Train_821
1562,1,0,0,0,0,Train_1562
1517,1,0,0,0,0,Train_1517
1140,0,0,0,1,3,Train_1140
988,0,0,0,1,3,Train_988
436,0,1,0,0,1,Train_436
794,1,0,0,0,0,Train_794
1500,0,0,0,1,3,Train_1500
1285,1,0,0,0,0,Train_1285
195,1,0,0,0,0,Train_195
1235,0,0,1,0,2,Train_1235
1485,0,0,1,0,2,Train_1485
474,1,0,0,0,0,Train_474
571,0,0,1,0,2,Train_571
155,0,0,0,1,3,Train_155
695,0,0,1,0,2,Train_695
864,1,0,0,0,0,Train_864
471,0,0,0,1,3,Train_471
1768,0,0,0,1,3,Train_1768
1241,0,0,0,1,3,Train_1241
1212,0,0,0,1,3,Train_1212
751,0,0,0,1,3,Train_751
817,1,0,0,0,0,Train_817
741,0,0,1,0,2,Train_741
238,1,0,0,0,0,Train_238
1172,0,0,0,1,3,Train_1172
68,1,0,0,0,0,Train_68
1493,0,0,0,1,3,Train_1493
1046,0,1,0,0,1,Train_1046
1613,0,0,1,0,2,Train_1613
747,1,0,0,0,0,Train_747
868,0,0,0,1,3,Train_868
401,0,0,0,1,3,Train_401
814,0,0,1,0,2,Train_814
1296,0,0,0,1,3,Train_1296
764,0,0,1,0,2,Train_764
1637,0,0,0,1,3,Train_1637
123,1,0,0,0,0,Train_123
1204,0,0,1,0,2,Train_1204
440,0,0,1,0,2,Train_440
1138,0,0,1,0,2,Train_1138
1242,0,0,0,1,3,Train_1242
1511,0,0,1,0,2,Train_1511
1373,0,0,1,0,2,Train_1373
724,0,0,1,0,2,Train_724
187,0,0,1,0,2,Train_187
761,1,0,0,0,0,Train_761
1715,0,0,0,1,3,Train_1715
381,0,0,0,1,3,Train_381
243,0,0,0,1,3,Train_243
161,0,0,0,1,3,Train_161
1729,0,0,1,0,2,Train_1729
326,0,0,0,1,3,Train_326
1184,0,0,1,0,2,Train_1184
494,0,0,0,1,3,Train_494
1342,0,0,1,0,2,Train_1342
1371,1,0,0,0,0,Train_1371
838,0,0,0,1,3,Train_838
970,0,0,0,1,3,Train_970
1604,1,0,0,0,0,Train_1604
392,1,0,0,0,0,Train_392
725,1,0,0,0,0,Train_725
1605,1,0,0,0,0,Train_1605
748,0,0,0,1,3,Train_748
266,1,0,0,0,0,Train_266
71,0,0,1,0,2,Train_71
1738,0,0,1,0,2,Train_1738
139,0,0,1,0,2,Train_139
1655,0,0,1,0,2,Train_1655
1012,1,0,0,0,0,Train_1012
922,0,0,0,1,3,Train_922
310,0,0,0,1,3,Train_310
1798,0,0,1,0,2,Train_1798
578,0,0,1,0,2,Train_578
1084,0,0,1,0,2,Train_1084
780,0,0,0,1,3,Train_780
1087,0,0,1,0,2,Train_1087
698,0,0,0,1,3,Train_698
565,0,0,0,1,3,Train_565
1148,0,0,1,0,2,Train_1148
586,0,0,1,0,2,Train_586
1694,1,0,0,0,0,Train_1694
1488,0,0,0,1,3,Train_1488
1103,1,0,0,0,0,Train_1103
1818,1,0,0,0,0,Train_1818
1162,0,0,0,1,3,Train_1162
462,0,0,1,0,2,Train_462
478,1,0,0,0,0,Train_478
873,0,0,1,0,2,Train_873
1407,0,0,1,0,2,Train_1407
1668,0,0,1,0,2,Train_1668
852,0,0,1,0,2,Train_852
921,1,0,0,0,0,Train_921
1421,0,0,0,1,3,Train_1421
734,0,0,1,0,2,Train_734
1005,1,0,0,0,0,Train_1005
947,1,0,0,0,0,Train_947
1553,0,0,0,1,3,Train_1553
111,1,0,0,0,0,Train_111
655,0,0,0,1,3,Train_655
771,0,0,0,1,3,Train_771
63,1,0,0,0,0,Train_63
1245,1,0,0,0,0,Train_1245
1300,0,0,1,0,2,Train_1300
241,0,0,1,0,2,Train_241
1691,1,0,0,0,0,Train_1691
1174,0,0,0,1,3,Train_1174
1297,1,0,0,0,0,Train_1297
842,0,0,0,1,3,Train_842
982,0,0,1,0,2,Train_982
688,0,0,0,1,3,Train_688
395,0,1,0,0,1,Train_395
1789,1,0,0,0,0,Train_1789
502,1,0,0,0,0,Train_502
1728,0,0,0,1,3,Train_1728
1415,1,0,0,0,0,Train_1415
1387,0,0,1,0,2,Train_1387
1615,1,0,0,0,0,Train_1615
679,1,0,0,0,0,Train_679
424,0,0,0,1,3,Train_424
742,0,0,1,0,2,Train_742
270,0,0,0,1,3,Train_270
587,1,0,0,0,0,Train_587
1494,0,1,0,0,1,Train_1494
212,0,0,1,0,2,Train_212
287,1,0,0,0,0,Train_287
324,0,0,0,1,3,Train_324
1124,0,0,0,1,3,Train_1124
1412,0,0,1,0,2,Train_1412
493,0,1,0,0,1,Train_493
360,1,0,0,0,0,Train_360
1147,0,0,1,0,2,Train_1147
41,0,0,0,1,3,Train_41
102,0,0,1,0,2,Train_102
606,0,0,1,0,2,Train_606
1014,1,0,0,0,0,Train_1014
938,0,0,1,0,2,Train_938
82,0,0,1,0,2,Train_82
